Sample,HA,AI,AI_rank,Richness,Richness_rank,all_seq,all_len,lat,lon,LandcoverClass,Land
CRMT_S05,0.073312263,2.590957008,228,1,280,25701947,3729771041,30.83576111,120.7176889,Agricultural Land,Agricultural
CRMT_S08,923.4927247,6.97936494,160,1,256,35355848,5076891737,30.83576111,120.7176889,Agricultural Land,Agricultural
CRMT_S11,0.312492944,0.301034243,421,1,346,24662158,3566842810,30.83576111,120.7176889,Agricultural Land,Agricultural
CRMT_S14,77.29296806,0.248187218,440,1,357,30096181,4326338123,30.83576111,120.7176889,Agricultural Land,Agricultural
CRMT_S16,0.312999732,0.301522447,419,1,344,24404723,3561067620,30.83576111,120.7176889,Agricultural Land,Agricultural
CRMT_S17,4825.741267,22.02074946,66,1,223,26223809,3852076164,30.83576111,120.7176889,Agricultural Land,Agricultural
CRMT_S18,0.26252299,0.25289662,438,1,356,29327926,4245773722,30.83576111,120.7176889,Agricultural Land,Agricultural
CRMT_S22,1.01092606,1.215972093,279,2,133,30962263,4415158169,30.83576111,120.7176889,Agricultural Land,Agricultural
CRMT_S24,263200.6003,1201.032993,1,1,187,27947882,4061511329,30.83576111,120.7176889,Agricultural Land,Agricultural
CRMT_S25,7923.943619,36.1584195,42,1,212,29719604,4335540891,30.83576111,120.7176889,Agricultural Land,Agricultural
CRMT_S31,0.613368407,0.295438501,424,1,349,24622618,3634400463,30.83576111,120.7176889,Agricultural Land,Agricultural
CRMT_S33,0.001352714,0.26725141,436,1,355,27585132,4017721826,30.83576111,120.7176889,Agricultural Land,Agricultural
CRMT_S34,374.9581093,1.378156529,267,2,131,15870751,2337343693,30.83576111,120.7176889,Agricultural Land,Agricultural
CRMT_S37,70.01298661,0.3194822,412,1,340,22866133,3360881526,30.83576111,120.7176889,Agricultural Land,Agricultural
CRMT_S38,2.535220862,0.301178618,420,1,345,24320881,3565132984,30.83576111,120.7176889,Agricultural Land,Agricultural
CRMT_S39,8.188851912,0.648544968,333,1,314,33802400,4966849843,30.83576111,120.7176889,Agricultural Land,Agricultural
CRMT_S40,223.8726432,0.340524085,406,1,338,21470221,3153203758,30.83576111,120.7176889,Agricultural Land,Agricultural
CRMT_S41,1233.332741,4.330060061,193,1,268,25342299,3719608304,30.83576111,120.7176889,Agricultural Land,Agricultural
CRMT_S43,203.9415078,0.3102076,416,1,343,23514984,3461365308,30.83576111,120.7176889,Agricultural Land,Agricultural
CRMT_S45,680.1006341,1.360278316,269,2,132,26863551,3946772551,30.83576111,120.7176889,Agricultural Land,Agricultural
CRMT_S47,4.597873936,0.36414482,391,1,334,20067518,2948667029,30.83576111,120.7176889,Agricultural Land,Agricultural
CRMT_S48,6.77571829,1.524604451,257,3,67,19105971,2817102688,30.83576111,120.7176889,Agricultural Land,Agricultural
CRMT_S50,5.00730871,0.594857173,339,1,315,12251305,1805041399,30.83576111,120.7176889,Agricultural Land,Agricultural
CRMT_S51,4.868012657,0.578309111,343,1,316,12648372,1856691869,30.83576111,120.7176889,Agricultural Land,Agricultural
CRMT_S52,419.9699558,0.491485407,357,1,323,14862063,2184687090,30.83576111,120.7176889,Agricultural Land,Agricultural
CRMT_S54,1.259139154,0.29916588,423,1,348,24399951,3589118602,30.83576111,120.7176889,Agricultural Land,Agricultural
CRMT_S55,751.27957,2.519970987,230,2,123,5783675,852185862,30.83576111,120.7176889,Agricultural Land,Agricultural
CRMT_S56,31.21427424,0.741637315,315,1,304,19681171,2895598164,30.83576111,120.7176889,Agricultural Land,Agricultural
CRMT_S58,556.0432736,2.881999498,219,3,64,22930771,3353115232,30.83576111,120.7176889,Agricultural Land,Agricultural
CRMT_S59,1.45683234,0.346136904,402,1,336,21092755,3102072652,30.83576111,120.7176889,Agricultural Land,Agricultural
CRMT_S60,1.196997341,0.28440126,426,1,351,25703803,3775446783,30.83576111,120.7176889,Agricultural Land,Agricultural
CRMT_S61,1.962127153,1.116420127,288,2,135,26251515,3847088738,30.83576111,120.7176889,Agricultural Land,Agricultural
CRMT_S62,674.2020716,1.020253533,294,2,137,28741983,4209705879,30.83576111,120.7176889,Agricultural Land,Agricultural
CRMT_S63,1709.41332,6.001512893,170,1,258,24359769,3578237165,30.83576111,120.7176889,Agricultural Land,Agricultural
CRMT_S64,219.3434548,0.724950084,320,2,142,30289328,4443375542,30.83576111,120.7176889,Agricultural Land,Agricultural
CRMT_S65,1.38066511,0.328039908,408,1,339,22373990,3273204867,30.83576111,120.7176889,Agricultural Land,Agricultural
CRMT_S66,0.000217086,0.34894356,400,1,335,21132646,3077121771,30.83576111,120.7176889,Agricultural Land,Agricultural
CRMT_S67,800.4514588,1.930089879,242,2,125,38043605,5563170066,30.83576111,120.7176889,Agricultural Land,Agricultural
CRMT_S69,0.000226976,0.364841688,390,1,333,20023277,2943034912,30.83576111,120.7176889,Agricultural Land,Agricultural
CRMT_S70,621.8940821,1.683808169,250,2,128,34939280,5101492409,30.83576111,120.7176889,Agricultural Land,Agricultural
CRMT_S71,5.884463088,0.699061169,324,1,310,21021983,3071953850,30.83576111,120.7176889,Agricultural Land,Agricultural
ERR1656439,396.5096515,42.65606812,39,2,84,839723,75516231,43.06455,-72.54127,Agricultural Land,Agricultural
ERR1656440,1131.907121,124.8109551,14,3,40,574813,51617672,43.06455,-72.54127,Agricultural Land,Agricultural
ERR1656441,3.386141078,21.04612523,67,1,224,562355,51018504,43.06455,-72.54127,Agricultural Land,Agricultural
ERR1656442,2.408171053,79.18032377,23,1,199,299136,27121431,43.06455,-72.54127,Agricultural Land,Agricultural
ERR1656445,3531.468784,133.4466897,10,1,194,176132,16092446,43.06455,-72.54127,Agricultural Land,Agricultural
ERR1656447,307363.3093,51.52879722,35,1,208,457061,41675408,43.06455,-72.54127,Agricultural Land,Agricultural
ERR1656448,75653.4653,102.9096159,19,1,196,229069,20867668,43.06455,-72.54127,Agricultural Land,Agricultural
ERR1697133,43865.56373,19.31856904,73,3,44,10536726,1056035497,45.681,-73.4375,Agricultural Land,Agricultural
ERR1697134,14255.21202,13.95556357,101,3,46,6111928,615520438,45.681,-73.4375,Agricultural Land,Agricultural
ERR1697135,29627.75608,14.89987761,91,2,95,8599494,864765619,45.681,-73.4375,Agricultural Land,Agricultural
ERR1697136,14678.87715,17.22407528,78,2,93,4310160,436377144,45.681,-73.4375,Agricultural Land,Agricultural
ERR1697137,37376.61496,8.853581792,141,2,105,10586587,1091499084,45.681,-73.4375,Agricultural Land,Agricultural
ERR1697138,2158.473532,4.180832487,196,2,115,7457428,770474656,45.681,-73.4375,Agricultural Land,Agricultural
ERR1697139,21942.57418,8.919730586,140,3,54,10506827,1083404518,45.681,-73.4375,Agricultural Land,Agricultural
ERR1697140,54593.47259,9.602230001,133,3,52,5394788,559110657,45.681,-73.4375,Agricultural Land,Agricultural
ERR1697141,39558.58643,9.535217151,134,3,53,9928698,1013472086,45.681,-73.4375,Agricultural Land,Agricultural
ERR1697142,66452.09305,9.283729094,137,2,103,5611349,578292308,45.681,-73.4375,Agricultural Land,Agricultural
ERR1697143,17340.86162,5.376781999,175,3,61,7749124,798798854,45.681,-73.4375,Agricultural Land,Agricultural
ERR1697144,14538.72974,7.311863106,153,2,106,4310563,440547837,45.681,-73.4375,Agricultural Land,Agricultural
ERR1697145,55696.05939,12.72507985,111,3,48,5973644,590659773,45.681,-73.4375,Agricultural Land,Agricultural
ERR1697146,41212.89177,9.172077441,138,2,104,4724274,468265486,45.681,-73.4375,Agricultural Land,Agricultural
ERR1697147,100892.1495,11.55512889,120,3,49,6566554,650463776,45.681,-73.4375,Agricultural Land,Agricultural
ERR1697148,19816.50573,5.915349259,171,2,111,3695483,363035817,45.681,-73.4375,Agricultural Land,Agricultural
ERR1697149,8330.900201,4.745669795,185,4,28,13146941,1357543028,45.681,-73.4375,Agricultural Land,Agricultural
ERR1697150,8812.51604,4.550389423,188,3,63,9131288,943868073,45.681,-73.4375,Agricultural Land,Agricultural
ERR1697151,15431.3199,3.313255546,212,2,119,12546853,1296298229,45.681,-73.4375,Agricultural Land,Agricultural
ERR1697152,8442.929855,1.415439017,265,1,288,7333065,758592784,45.681,-73.4375,Agricultural Land,Agricultural
ERR1697153,14562.55786,6.136855622,167,3,59,16843914,1749661211,45.681,-73.4375,Agricultural Land,Agricultural
ERR1697154,11864.16464,5.007649102,179,2,113,10296880,1072101701,45.681,-73.4375,Agricultural Land,Agricultural
ERR1697155,17688.95471,2.965515182,218,1,278,13923871,1448303931,45.681,-73.4375,Agricultural Land,Agricultural
ERR1697156,14816.92757,3.50975818,208,2,118,8793287,917791286,45.681,-73.4375,Agricultural Land,Agricultural
ERR1697157,30820.54045,8.227567255,147,3,56,9261676,913537688,45.681,-73.4375,Agricultural Land,Agricultural
ERR1697158,25249.50626,10.18786129,126,2,101,6398479,632365397,45.681,-73.4375,Agricultural Land,Agricultural
ERR1697159,108395.8498,12.78083895,110,2,96,8500215,840118421,45.681,-73.4375,Agricultural Land,Agricultural
ERR1697160,51707.52852,27.05959964,57,3,42,6079316,595209374,45.681,-73.4375,Agricultural Land,Agricultural
ERR1697161,312456.6879,107.5353863,18,4,23,10783423,1118321033,45.681,-73.4375,Agricultural Land,Agricultural
ERR1697162,801376.5252,125.6837378,12,3,38,8071091,837234002,45.681,-73.4375,Agricultural Land,Agricultural
ERR1697163,408978.5335,109.4524672,16,4,21,11068554,1147784026,45.681,-73.4375,Agricultural Land,Agricultural
ERR1697164,344023.1771,108.3698921,17,4,22,6875359,713384593,45.681,-73.4375,Agricultural Land,Agricultural
ERR1697165,11049.49097,1.852423378,247,1,285,5767460,579641694,45.681,-73.4375,Agricultural Land,Agricultural
ERR1697166,31881.6926,7.505425225,152,3,57,4257700,429186272,45.681,-73.4375,Agricultural Land,Agricultural
ERR1697167,68558.66529,10.82655115,123,2,100,5905995,595060316,45.681,-73.4375,Agricultural Land,Agricultural
ERR1697168,45563.37647,16.11698727,83,2,94,3338860,333108728,45.681,-73.4375,Agricultural Land,Agricultural
ERR1697170,120.2520213,0.765490888,312,1,303,13320875,1402684004,45.681,-73.4375,Agricultural Land,Agricultural
ERR1697171,2472.060235,1.120894984,286,1,294,18218512,1915865160,45.681,-73.4375,Agricultural Land,Agricultural
ERR1697173,23632.91997,1.320669388,273,1,291,15945435,1626056958,45.681,-73.4375,Agricultural Land,Agricultural
ERR1697174,57362.46546,6.158141624,166,2,110,13651956,1394890718,45.681,-73.4375,Agricultural Land,Agricultural
ERR1697175,29564.60757,2.835664712,220,2,120,18547672,1893280647,45.681,-73.4375,Agricultural Land,Agricultural
ERR1697176,52564.53239,6.17730227,165,2,109,11943872,1216743562,45.681,-73.4375,Agricultural Land,Agricultural
ERR1697177,171766.2837,20.27444728,70,4,25,22664103,2224334700,45.681,-73.4375,Agricultural Land,Agricultural
ERR1697178,84168.48507,20.97787368,68,3,43,14093829,1381981305,45.681,-73.4375,Agricultural Land,Agricultural
ERR1697179,586103.8675,20.18870583,71,4,26,18980748,1861484543,45.681,-73.4375,Agricultural Land,Agricultural
ERR1697180,286306.5154,24.89026915,60,2,90,11895344,1164753546,45.681,-73.4375,Agricultural Land,Agricultural
ERR2004621,983.8994434,26.70435693,58,2,89,8847768,1206254650,37.46517194,79.57228083,Agricultural Land,Agricultural
ERR2004623,6916.699816,44.57717453,37,6,11,12588408,1493409885,37.46267694,79.5713425,Agricultural Land,Agricultural
ERR2004624,2.87216383,0.673821199,327,1,312,14277351,1593511491,37.58292,80.14685056,Agricultural Land,Agricultural
ERR2004625,7.743924945,8.977507307,139,4,27,4668798,598017795,37.58291639,80.14757528,Agricultural Land,Agricultural
ERR2004626,203.0919286,150.9370302,8,3,37,6607149,860774593,37.58364111,80.1472625,Agricultural Land,Agricultural
ERR2004630,0.134399792,1.135596665,282,1,293,7113752,945530977,41.15974083,82.94145556,Agricultural Land,Agricultural
ERR2061842,41.23485734,36.84871741,41,2,85,1192284,116556765,50.93487,5.411394,Agricultural Land,Agricultural
ERR2061845,26.17437648,8.48535584,145,1,251,1288772,126540577,50.93487,5.411394,Agricultural Land,Agricultural
ERR2061846,14.57098863,9.447409271,135,1,248,1180749,113654632,50.93487,5.411394,Agricultural Land,Agricultural
ERR2562186,277.5593664,1.122649603,285,3,70,20528538,2869306206,51.67362778,4.314361111,Agricultural Land,Agricultural
ERR2562188,3.30E-05,0.41747737,376,1,325,18528086,2571976114,51.67362778,4.314361111,Agricultural Land,Agricultural
ERR2562190,0.681734752,0.69711838,325,1,311,22393304,3080515030,51.67362778,4.314361111,Agricultural Land,Agricultural
ERR2562193,0.823023586,1.959807761,240,2,124,11751033,1643643594,51.67362778,4.314361111,Agricultural Land,Agricultural
ERR2562194,1.87E-05,0.313884971,415,1,342,25046578,3420813113,51.67362778,4.314361111,Agricultural Land,Agricultural
ERR2562195,0.484836755,0.467058435,363,1,324,16815055,2298945365,51.67362778,4.314361111,Agricultural Land,Agricultural
ERR2562196,1594.802426,0.267365194,435,1,354,28860896,4016011988,51.67362778,4.314361111,Agricultural Land,Agricultural
ERR2562197,35.79912377,0.378412794,386,1,330,20665950,2837488163,51.67362778,4.314361111,Agricultural Land,Agricultural
ERR2677811,1294.494553,13.63428968,104,3,47,1803190,236259134,40.296,-89.944,Agricultural Land,Agricultural
ERR2677812,0.086622311,5.432191255,174,1,260,1478131,197662743,40.296,-89.944,Agricultural Land,Agricultural
MT_S04,16.6738429,17.22793241,77,2,92,38362072,5546981499,30.0763889,119.9263889,Agricultural Land,Agricultural
MT_S05,0.192600088,0.196946189,460,1,366,37943764,5451955319,30.0763889,119.9263889,Agricultural Land,Agricultural
MT_S06,6.332500263,13.53572407,106,5,17,40615101,5949488656,30.0763889,119.9263889,Agricultural Land,Agricultural
MT_S07,23.27437185,24.03161051,61,2,91,39213548,5763770815,30.0763889,119.9263889,Agricultural Land,Agricultural
MT_S08,2.396489316,12.63910025,113,2,97,43362470,6371548230,30.0763889,119.9263889,Agricultural Land,Agricultural
MT_S09,9.50947529,9.724060554,131,1,247,48478641,6956531640,30.0763889,119.9263889,Agricultural Land,Agricultural
MT_S11,43.80060813,11.18151981,122,2,99,35463004,5185525713,30.0763889,119.9263889,Agricultural Land,Agricultural
MT_S12,3.395545347,0.806766518,305,1,299,36433827,5323680644,30.0763889,119.9263889,Agricultural Land,Agricultural
MT_S13,3.005591202,7.014186147,157,3,58,36599986,5357850940,30.0763889,119.9263889,Agricultural Land,Agricultural
MT_S16,1.606273776,0.381643527,384,1,329,38524100,5626935863,30.0763889,119.9263889,Agricultural Land,Agricultural
MT_S21,1.799764647,0.920188542,300,1,296,40040792,5834357715,30.0763889,119.9263889,Agricultural Land,Agricultural
MT_S26,0.465978721,0.159263862,486,1,373,46130306,6741904979,30.0763889,119.9263889,Agricultural Land,Agricultural
MT_S27,0.177210834,0.242270993,444,1,359,61938022,8863973434,30.0763889,119.9263889,Agricultural Land,Agricultural
MT_S28,0.391709821,4.927573166,181,1,261,37267761,5447619892,30.0763889,119.9263889,Agricultural Land,Agricultural
MT_S32,48.66556627,0.91948409,301,1,297,39831939,5838827642,30.0763889,119.9263889,Agricultural Land,Agricultural
MT_S33,385.9979915,7.29302131,154,1,254,42169369,6183604118,30.0763889,119.9263889,Agricultural Land,Agricultural
MT_S36,107.1078152,4.047376389,200,1,270,36303525,5305865928,30.0763889,119.9263889,Agricultural Land,Agricultural
MT_S39,3233.948509,61.10201585,27,1,201,37697166,5430037275,30.0763889,119.9263889,Agricultural Land,Agricultural
MT_S41,2747.282789,51.90698493,34,1,207,39640654,5833419043,30.0763889,119.9263889,Agricultural Land,Agricultural
MT_S42,21.24222917,2.591256901,227,2,122,37197860,5386823556,30.0763889,119.9263889,Agricultural Land,Agricultural
MT_S43,4.66301439,0.17620539,475,1,368,42497790,6093694545,30.0763889,119.9263889,Agricultural Land,Agricultural
MT_S46,3.386795498,3.463219947,211,1,274,45046772,6510870996,30.0763889,119.9263889,Agricultural Land,Agricultural
MT_S48,2.469004609,0.943144968,297,2,138,47316198,6830817277,30.0763889,119.9263889,Agricultural Land,Agricultural
MT_S51,8.62706854,4.410870964,190,1,265,43814486,6329200661,30.0763889,119.9263889,Agricultural Land,Agricultural
MT_S52,6.59055318,6.739271753,161,1,257,40655008,5895065364,30.0763889,119.9263889,Agricultural Land,Agricultural
MT_S53,0.21390812,0.218735045,449,1,362,35604081,4908869645,30.0763889,119.9263889,Agricultural Land,Agricultural
MT_S58,0.006474633,0.228822499,446,1,361,33931541,4692466126,30.0763889,119.9263889,Agricultural Land,Agricultural
SRR10617562,2.120314706,14.21505247,98,3,45,4598247,453213308,-22.81,-47.05,Agricultural Land,Agricultural
SRR10617563,1.869619301,8.784514181,144,3,55,17391199,1711236982,-22.81,-47.05,Agricultural Land,Agricultural
SRR10617564,28412.32388,74.37520935,24,6,10,7158535,548599321,-22.81,-47.05,Agricultural Land,Agricultural
SRR10617565,28.51530187,125.5926551,13,3,39,7574666,589908588,-22.81,-47.05,Agricultural Land,Agricultural
SRR10617566,2.529011812,17.79187662,74,6,12,9791105,965601862,-22.81,-47.05,Agricultural Land,Agricultural
SRR10617569,17.71034104,32.58409656,46,4,24,3001389,296576473,-22.81,-47.05,Agricultural Land,Agricultural
SRR10904363,0.056367819,1.904931316,244,2,126,11790849,1690992974,39.6475,-79.9369,Agricultural Land,Agricultural
SRR10904364,0.016396762,0.65249223,331,1,313,56274675,8228004681,39.6475,-79.9369,Agricultural Land,Agricultural
SRR10904365,0.017952073,1.428768483,263,1,287,31025240,4509093686,39.6475,-79.9369,Agricultural Land,Agricultural
SRR10916359,368561.6802,13.56373063,105,7,8,106043861,10528641895,49.66034108,22.07792931,Agricultural Land,Agricultural
SRR10918875,10.7173964,10.49911823,124,3,50,78286143,11249668596,36,-78,Agricultural Land,Agricultural
SRR10918901,0.196839074,2.554329856,229,3,65,81931167,11770120839,36,-78,Agricultural Land,Agricultural
SRR10919453,1.787748855,0.344438896,405,1,337,85077442,12469460772,36,-78,Agricultural Land,Agricultural
SRR10919503,0.141354037,0.198671212,458,1,364,74262323,10809234168,36,-78,Agricultural Land,Agricultural
SRR10919510,3.595300219,3.463465332,210,1,273,83171220,12090760876,36,-78,Agricultural Land,Agricultural
SRR10920230,1.281518773,1.481311418,260,3,68,84527941,12322601975,36,-78,Agricultural Land,Agricultural
SRR10920916,0.704847478,0.748187176,313,2,141,88373636,12916121432,36,-78,Agricultural Land,Agricultural
SRR10920923,0.634250348,0.274176203,432,2,147,80591810,11748742014,36,-78,Agricultural Land,Agricultural
SRR10933884,0.119824912,0.168412315,480,1,371,88357211,12751345697,36,-78,Agricultural Land,Agricultural
SRR10934429,0.694664596,7.015367857,156,2,107,55490246,8111950482,36,-78,Agricultural Land,Agricultural
SRR10938830,5.184457416,2.755040482,222,4,30,27532934,3897372220,31.605,34.791,Agricultural Land,Agricultural
SRR10938831,0.819350512,1.316195807,274,3,69,28592981,4078959295,31.605,34.791,Agricultural Land,Agricultural
SRR10938833,2.78173896,1.343806348,271,1,290,27967115,3995150885,31.605,34.791,Agricultural Land,Agricultural
SRR10938835,24.78104819,5.756159476,172,1,259,31486089,4476909280,31.605,34.791,Agricultural Land,Agricultural
SRR10938836,11.68784444,4.815413201,183,3,62,28154461,4013643695,31.605,34.791,Agricultural Land,Agricultural
SRR10938837,1.451002981,2.074581397,238,5,18,25817042,3622992464,31.605,34.791,Agricultural Land,Agricultural
SRR10938838,0.848066047,0.545951379,348,2,143,28409953,3933470511,31.605,34.791,Agricultural Land,Agricultural
SRR10938839,1.40E-05,0.271711682,433,1,352,28570003,3951769088,31.605,34.791,Agricultural Land,Agricultural
SRR10938840,0.620070134,1.533833753,255,3,66,29841121,4200227653,31.605,34.791,Agricultural Land,Agricultural
SRR10938841,0.586663798,0.566812736,345,1,318,27429435,3788700412,31.605,34.791,Agricultural Land,Agricultural
SRR10938842,0.832598942,0.804426123,306,1,300,28976063,4004377009,31.605,34.791,Agricultural Land,Agricultural
SRR10946717,0.350889871,0.49317103,356,1,322,90100452,13063319917,36,-78,Agricultural Land,Agricultural
SRR10946722,150.1561912,0.96176767,296,3,71,93177933,13397104400,36,-78,Agricultural Land,Agricultural
SRR10947791,0.213938544,0.300687767,422,1,347,99462924,14283811193,36,-78,Agricultural Land,Agricultural
SRR10953191,70.45015807,33.93342214,44,1,214,78039119,11454622486,36,-78,Agricultural Land,Agricultural
SRR11563379,0.001440639,1.114255792,289,1,295,13036896,1927280668,59.9989,10.7903,Agricultural Land,Agricultural
SRR11622286,180.6543976,0.701474209,323,1,309,30897052,4592079694,26.6539,-80.6288,Agricultural Land,Agricultural
SRR11622354,152.5416387,6.116509871,168,3,60,57117298,8426309879,26.6539,-80.6288,Agricultural Land,Agricultural
SRR11622356,0.782673165,27.47077452,55,2,88,56522413,8364553033,26.6539,-80.6288,Agricultural Land,Agricultural
SRR11622450,99.53209059,28.92844482,52,2,87,28493118,4194239506,26.6539,-80.6288,Agricultural Land,Agricultural
SRR11622633,0.679005771,1.041456719,291,2,136,20898192,3092999847,26.6539,-80.6288,Agricultural Land,Agricultural
SRR11622660,0.170458112,0.087152285,519,1,388,83272255,12320294558,26.6591,-80.6279,Agricultural Land,Agricultural
SRR11622682,0.142626368,0.145844791,494,1,377,99577690,14724445313,26.6591,-80.6279,Agricultural Land,Agricultural
SRR11622779,32.16012662,2.644058938,226,2,121,41113854,6091440371,26.6541,-80.6298,Agricultural Land,Agricultural
SRR11622780,2236.655676,66.0431569,25,3,41,40074876,5950495495,26.6541,-80.6298,Agricultural Land,Agricultural
SRR11623485,52.73863586,12.37550439,116,2,98,32190773,4771991384,26.6541,-80.6298,Agricultural Land,Agricultural
SRR11829677,2.901306446,0.183119265,471,2,148,117816590,17590860665,41.1673,-96.4119,Agricultural Land,Agricultural
SRR11829679,3.169618459,0.120668997,506,2,150,119181264,17796482192,41.1681,-96.4119,Agricultural Land,Agricultural
SRR11829739,0.101912509,0.127513997,502,2,149,112760287,16841160185,41.1681,-96.4119,Agricultural Land,Agricultural
SRR12334066,31.49869191,5.51158626,173,2,112,15774671,2337784674,39.6475,-79.9369,Agricultural Land,Agricultural
SRR12334067,31.94503278,3.724826884,204,4,29,31693850,4612259769,39.6475,-79.9369,Agricultural Land,Agricultural
SRR12334071,26.01462957,4.248022734,194,2,114,13853754,2022101841,39.6475,-79.9369,Agricultural Land,Agricultural
SRR12334072,108.1178578,3.549160024,207,2,117,18404587,2722806622,39.6475,-79.9369,Agricultural Land,Agricultural
SRR12610547,24.67797475,3.775959005,203,2,116,11637550,1706176083,39.6475,-79.9369,Agricultural Land,Agricultural
SRR12610550,79.00870474,9.861991539,130,2,102,8149351,1197644514,39.6475,-79.9369,Agricultural Land,Agricultural
SRR12610551,227.6100793,23.24743109,64,1,222,8503606,1247063778,39.6475,-79.9369,Agricultural Land,Agricultural
SRR12610560,6.91642441,0.706423461,322,1,308,10335362,1519969089,39.6475,-79.9369,Agricultural Land,Agricultural
SRR12610579,23.612325,1.808190495,249,2,127,12148179,1781463558,39.6475,-79.9369,Agricultural Land,Agricultural
SRR12658563,1787.003646,20.81660318,69,1,225,29647390,4332806483,26.6541,-80.6298,Agricultural Land,Agricultural
SRR12658566,116.3712117,2.711190144,224,1,279,40939019,5940611505,26.6541,-80.6298,Agricultural Land,Agricultural
SRR12658568,563.5373148,13.12916477,108,1,245,40873835,5970155338,26.6541,-80.6298,Agricultural Land,Agricultural
SRR12658569,30.55326685,0.711823094,321,1,307,61933792,9050634913,26.6591,-80.6279,Agricultural Land,Agricultural
SRR12658570,30.51602537,0.940083066,298,2,139,62364626,9137420830,26.6591,-80.6279,Agricultural Land,Agricultural
SRR12689925,1.288958842,0.413898144,377,1,326,17666213,2594217538,36,-78,Agricultural Land,Agricultural
SRR12689941,0.554022935,0.533707649,351,1,321,13650687,2011853917,36,-78,Agricultural Land,Agricultural
SRR12689942,0.409807283,0.575978666,344,1,317,12704051,1864204157,36,-78,Agricultural Land,Agricultural
SRR12689987,0.569378663,0.548500303,347,1,319,13367880,1957595681,36,-78,Agricultural Land,Agricultural
SRR12773040,0.885168762,1.118723337,287,2,134,68865713,6718544720,49.700158,-112.7633999,Agricultural Land,Agricultural
SRR12773041,0.895850431,0.287666928,425,1,350,76520548,7465173911,49.700158,-112.7633999,Agricultural Land,Agricultural
SRR12773042,2.471045245,1.872898608,246,6,14,99831905,9746182162,49.700158,-112.7633999,Agricultural Land,Agricultural
SRR12773043,0.331767518,0.471297884,362,2,144,69985973,6834797226,49.700158,-112.7633999,Agricultural Land,Agricultural
SRR14483500,11037.05381,15.01344273,89,1,236,952294,71518695,40.8,-96.6,Agricultural Land,Agricultural
SRR14483503,21379.14812,14.54077426,94,1,240,983172,73843511,40.8,-96.6,Agricultural Land,Agricultural
SRR14483508,10992.10646,14.95230192,90,1,237,955505,71811139,40.8,-96.6,Agricultural Land,Agricultural
SRR14483510,87989.46232,14.75124397,93,1,239,968127,72789917,40.8,-96.6,Agricultural Land,Agricultural
SRR14483512,88766.47043,14.8815077,92,1,238,959980,72152758,40.8,-96.6,Agricultural Land,Agricultural
SRR14483513,620.15524,14.44823638,95,1,241,989061,74316463,40.8,-96.6,Agricultural Land,Agricultural
SRR14483514,605.3877437,14.10418659,100,1,243,1012765,76129298,40.8,-96.6,Agricultural Land,Agricultural
SRR14483515,2518.985835,29.34338084,51,1,218,973770,73184602,40.8,-96.6,Agricultural Land,Agricultural
SRR14483519,2421.719949,15.41599497,87,1,234,927363,69651153,40.8,-96.6,Agricultural Land,Agricultural
SRR14483541,1227.144922,15.62332585,85,1,232,914756,68726841,40.8,-96.6,Agricultural Land,Agricultural
SRR14483549,89894.44178,29.74947775,50,2,86,960681,72185592,40.8,-96.6,Agricultural Land,Agricultural
SRR14483551,1188.50521,15.13138655,88,1,235,944070,70961232,40.8,-96.6,Agricultural Land,Agricultural
SRR14483553,12912.07295,17.56398683,76,1,227,813971,61133149,40.8,-96.6,Agricultural Land,Agricultural
SRR14483558,0.450509181,28.09183509,53,1,219,1017770,76445118,40.8,-96.6,Agricultural Land,Agricultural
SRR14483560,0.228461465,14.24588458,97,1,242,1003304,75372071,40.8,-96.6,Agricultural Land,Agricultural
SRR14483562,11894.15948,16.17934326,82,1,230,883377,66364982,40.8,-96.6,Agricultural Land,Agricultural
SRR14483563,11498.89396,15.64167295,84,1,231,913394,68646227,40.8,-96.6,Agricultural Land,Agricultural
SRR14483564,12072.34407,16.42172353,80,1,229,870079,65385453,40.8,-96.6,Agricultural Land,Agricultural
SRR14483568,22917.11591,15.58680483,86,1,233,916437,68887873,40.8,-96.6,Agricultural Land,Agricultural
SRR14483569,2364.100328,30.09840899,49,1,217,949907,71348743,40.8,-96.6,Agricultural Land,Agricultural
SRR5208338,0.53392043,0.375209018,388,1,331,40130829,5723432920,45.54,-73.72,Agricultural Land,Agricultural
SRR5208446,1029.461765,1.204765788,280,1,292,6137066,891245282,45.54,-73.72,Agricultural Land,Agricultural
SRR5208452,0.295550224,0.138463965,500,1,380,55102858,7754666176,45.54,-73.72,Agricultural Land,Agricultural
SRR5215307,0.253170954,0.349295826,398,2,145,64738819,9222055433,37.4289,-122.18,Agricultural Land,Agricultural
SRR6122723,76568.12395,723.3366131,3,1,188,232706,50470585,45.3692223,8.6161173,Agricultural Land,Agricultural
SRR6122725,625.4686555,23.63512938,62,1,221,206725,45429911,45.3692223,8.6161173,Agricultural Land,Agricultural
SRR6122726,18733.95365,707.9162391,4,1,189,174563,37919099,45.3692223,8.6161173,Agricultural Land,Agricultural
SRR6122727,2399.431504,90.66941009,22,1,198,217760,47369530,45.3692223,8.6161173,Agricultural Land,Agricultural
SRR6122728,1521.326318,57.4876839,29,1,202,258562,56033315,45.3692223,8.6161173,Agricultural Land,Agricultural
SRR6122729,4110.470231,155.3259222,7,1,192,106357,20738493,45.3692223,8.6161173,Agricultural Land,Agricultural
SRR6122730,1411.705073,53.34533034,32,1,205,101253,20128132,45.3692223,8.6161173,Agricultural Land,Agricultural
SRR6122732,1397.274325,52.80002309,33,1,206,104176,20336011,45.3692223,8.6161173,Agricultural Land,Agricultural
SRR6122733,814.3177905,30.77133628,48,1,216,160698,34894222,45.3692223,8.6161173,Agricultural Land,Agricultural
SRR6122735,1302.328236,49.21221242,36,1,209,109848,21818605,45.3692223,8.6161173,Agricultural Land,Agricultural
SRR6122736,6176.650413,116.701237,15,1,195,43580,9200775,45.3692223,8.6161173,Agricultural Land,Agricultural
SRR6122738,881.505849,33.31023002,45,1,215,147457,32234597,45.3692223,8.6161173,Agricultural Land,Agricultural
SRR6122739,1695.232701,64.05923599,26,1,200,153751,33523404,45.3692223,8.6161173,Agricultural Land,Agricultural
SRR6122740,3585.930733,135.5046909,9,1,193,222304,47544118,45.3692223,8.6161173,Agricultural Land,Agricultural
SRR6122741,4373.38085,165.2607549,6,1,191,120133,25989034,45.3692223,8.6161173,Agricultural Land,Agricultural
SRR6122742,9958.076187,376.2945064,5,1,190,81259,17120768,45.3692223,8.6161173,Agricultural Land,Agricultural
SRR6122748,2653.31727,100.2632129,20,1,197,149544,32127691,45.3692223,8.6161173,Agricultural Land,Agricultural
SRR6122750,1120.46311,42.33991635,40,1,211,126647,25360037,45.3692223,8.6161173,Agricultural Land,Agricultural
SRR6324886,0.144384657,1.645808204,251,1,286,5321727,652410057,45.700921,-73.430375,Agricultural Land,Agricultural
SRR6324891,0.064552884,0.735823799,318,1,305,11952215,1459237695,45.6998913,-73.4298324,Agricultural Land,Agricultural
SRR6324902,0.427241197,4.74956158,184,1,262,1859134,226071777,45.6998913,-73.4298324,Agricultural Land,Agricultural
SRR6324903,0.482160025,3.57213361,206,1,272,7361932,901765114,45.6998913,-73.4298324,Agricultural Land,Agricultural
SRR6324917,7.686981311,56.94981516,31,1,204,311709,37708352,45.6998913,-73.4298324,Agricultural Land,Agricultural
SRR6324926,0.205848146,0.198299967,459,1,365,55370906,5414735255,45.6998913,-73.4298324,Agricultural Land,Agricultural
SRR6324939,0.109812961,13.87957347,102,1,244,1921861,232083895,45.6998913,-73.4298324,Agricultural Land,Agricultural
SRR6324943,0.110887337,7.007683452,159,1,255,1254985,153223506,45.700921,-73.430375,Agricultural Land,Agricultural
SRR6324945,14.98936853,56.95347941,30,1,203,3841830,471324068,45.6998913,-73.4298324,Agricultural Land,Agricultural
SRR6324951,5.763892918,42.70241113,38,1,210,3487952,427460898,45.6998913,-73.4298324,Agricultural Land,Agricultural
SRR6324958,1255.049308,4.406303915,191,1,266,3995137,487366212,45.700921,-73.430375,Agricultural Land,Agricultural
SRR6324963,10.05974936,12.42145309,115,1,246,2828873,345770118,45.6998913,-73.4298324,Agricultural Land,Agricultural
SRR6324968,0.405441352,3.003755199,216,1,277,5852410,714932978,45.6998913,-73.4298324,Agricultural Land,Agricultural
SRR6765927,34.50782858,0.803955578,307,1,301,9344994,1335573574,36.6,-119.51,Agricultural Land,Agricultural
SRR7962538,82.97752908,3.135544232,214,1,276,23667371,3424419318,42,-93,Agricultural Land,Agricultural
SRR7962731,25.41136018,0.268609474,434,1,353,55098348,7994817218,42,-93,Agricultural Land,Agricultural
SRR7962737,7.477362522,0.158078151,487,1,374,47345330,6792474595,42,-93,Agricultural Land,Agricultural
SRR7962741,19.43365757,0.410844953,378,1,327,53577909,7840489334,42,-93,Agricultural Land,Agricultural
SRR7962746,7.747749286,0.16379437,482,1,372,44890077,6555425724,42,-93,Agricultural Land,Agricultural
SRR7962749,8.790022329,0.897787299,303,1,298,8250774,1195986872,42,-93,Agricultural Land,Agricultural
SRR7962751,11.63685542,0.246013562,441,1,358,59974590,8729127091,42,-93,Agricultural Land,Agricultural
SRR8437389,33.85566888,0.238579736,445,1,360,61206733,9001115025,42,-93,Agricultural Land,Agricultural
SRR8437430,11.99841957,0.126828676,503,1,382,57981428,8466080834,42,-93,Agricultural Land,Agricultural
SRR8437431,16.63122149,0.117199647,507,1,385,62443031,9161647267,42,-93,Agricultural Land,Agricultural
SRR8437432,6.456136521,0.136488517,501,1,381,53448748,7866902258,42,-93,Agricultural Land,Agricultural
SRR8437433,18.47797886,0.390641048,381,1,328,56182812,8245998445,42,-93,Agricultural Land,Agricultural
SRR8437442,5.441052644,0.115028734,508,1,386,63725231,9334553126,42,-93,Agricultural Land,Agricultural
SRR8443477,11.59860063,0.122602411,505,1,384,59489696,8757917716,42,-93,Agricultural Land,Agricultural
SRR8443479,8.958872117,0.063132864,528,1,391,116333577,17007652629,42,-93,Agricultural Land,Agricultural
SRR8444445,14.08802064,0.148916697,491,1,375,49604851,7210352151,42,-93,Agricultural Land,Agricultural
SRR8444449,7.498679857,0.079264409,524,1,390,92592467,13546329738,42,-93,Agricultural Land,Agricultural
SRR8445152,9.815755348,0.103756936,513,1,387,70854958,10348626911,42,-93,Agricultural Land,Agricultural
SRR8445154,16.26978091,0.171978881,479,1,370,42764204,6243451617,42,-93,Agricultural Land,Agricultural
SRR8446418,7.032347874,0.148670142,493,1,376,49323203,7222309801,42,-93,Agricultural Land,Agricultural
SRR8446489,10.5249295,0.276523351,431,2,146,79912729,11649017942,42,-93,Agricultural Land,Agricultural
SRR8446755,63.74151905,0.930582556,299,2,140,55582369,8076868326,42,-93,Agricultural Land,Agricultural
SRR8446777,44.81602779,0.315817009,414,1,341,93330766,13599543952,42,-93,Agricultural Land,Agricultural
SRR8446963,0.016770252,9.409937883,136,1,249,947514,114107217,56.29,9.33,Agricultural Land,Agricultural
SRR8446965,15.11485345,19.77993821,72,1,226,1385549,162853162,56.16,9.05,Agricultural Land,Agricultural
SRR8446977,1733.517955,2.358063392,231,1,281,3813040,455349007,56.16,9.05,Agricultural Land,Agricultural
SRR8446978,38155.72626,2.132241793,236,1,284,4228470,503574139,56.16,9.05,Agricultural Land,Agricultural
SRR8446981,21945.56816,35.23353839,43,1,213,783667,91424978,56.16,9.05,Agricultural Land,Agricultural
SRR8446983,9269.388021,4.202976283,195,1,269,2105638,255471778,56.16,9.05,Agricultural Land,Agricultural
SRR8446985,2907.736469,3.955325009,202,1,271,2295022,271467407,56.16,9.05,Agricultural Land,Agricultural
SRR8446986,3190.744576,4.34029423,192,1,267,2128240,247389179,56.16,9.05,Agricultural Land,Agricultural
SRR8446997,96559.2192,8.093972631,149,1,253,2243841,265318867,56.16,9.05,Agricultural Land,Agricultural
SRR8446998,27482.90491,4.607449853,187,1,264,1981093,233044712,56.16,9.05,Agricultural Land,Agricultural
SRR8447004,158087.778,8.834358572,142,1,250,1004184,121541572,56.16,9.05,Agricultural Land,Agricultural
SRR8447006,111781.9394,4.685000385,186,1,263,3802642,458374274,56.16,9.05,Agricultural Land,Agricultural
SRR8447027,12.03217764,16.44960162,79,1,228,540961,65274640,56.29,9.33,Agricultural Land,Agricultural
SRR8447053,5.997837869,0.126799673,504,1,383,58244828,8468017323,42,-93,Agricultural Land,Agricultural
SRR8447148,25.73848861,0.544134737,350,1,320,13535285,1973301375,42,-93,Agricultural Land,Agricultural
SRR8447410,35.49129805,0.187579469,467,1,367,39362594,5724196946,42,-93,Agricultural Land,Agricultural
SRR8447515,35.32132146,0.373362209,389,1,332,99014220,14379358662,42,-93,Agricultural Land,Agricultural
SRR8447915,0.481985336,0.08236733,522,1,389,89378394,13036015929,42,-93,Agricultural Land,Agricultural
SRR8449215,6.67657935,0.141148876,497,1,378,104683407,15214316287,42,-93,Agricultural Land,Agricultural
SRR8449609,61.61596789,0.217102805,450,1,363,67742933,9891551826,42,-93,Agricultural Land,Agricultural
SRR8449811,8.287645344,0.175208257,476,1,369,84131757,12256749140,42,-93,Agricultural Land,Agricultural
SRR8554513,2.64877441,1.354272553,270,1,289,10803448,1585710087,63.0472,21.7116,Agricultural Land,Agricultural
SRR8554514,34.60421344,0.731564112,319,1,306,10061882,1467734415,63.0472,21.7116,Agricultural Land,Agricultural
SRR8554642,36.80318833,1.524584991,258,2,129,19563547,2817138645,63.0472,21.7116,Agricultural Land,Agricultural
SRR8554648,210.2565313,6.667419375,162,2,108,3282411,483129273,63.0472,21.7116,Agricultural Land,Agricultural
SRR8554649,155.2143775,3.281371168,213,1,275,2257366,327223520,63.0472,21.7116,Agricultural Land,Agricultural
SRR8554650,102.6439394,2.16998495,235,1,283,6749327,989630665,63.0472,21.7116,Agricultural Land,Agricultural
SRR8554651,16405.97173,10.37026025,125,3,51,5654278,828323918,63.0472,21.7116,Agricultural Land,Agricultural
SRR8554652,4329.557443,1.440260669,262,2,130,10065868,1491038181,63.0472,21.7116,Agricultural Land,Agricultural
SRR9008751,0.797303866,0.768067791,311,1,302,28298277,4193933801,36,-78,Agricultural Land,Agricultural
SRR9034354,0.100130061,0.140731464,499,1,379,51328713,7629721144,40.7997,-77.8629,Agricultural Land,Agricultural
SRR949316,24810.52025,9.906607387,128,6,13,196209812,16366351172,45.699145,-73.430997,Agricultural Land,Agricultural
SRR9719618,56.54351458,2.182195165,234,1,282,2917353,492046652,34.66667,33.03333,Agricultural Land,Agricultural
SRR9719619,355.089195,27.40805662,56,1,220,1808668,313409109,34.66667,33.03333,Agricultural Land,Agricultural
SRR9719620,107.9873533,8.335155041,146,1,252,2493541,386462574,34.66667,33.03333,Agricultural Land,Agricultural
ERR2004617,3.172828021,0.376924935,387,1,394,22320794,2848688759,40.92081083,83.12828833,Bare Land,Natural
ERR2004618,215967.5363,740.0794111,2,4,31,4368969,567281088,37.85725667,80.49236611,Bare Land,Natural
ERR2004620,80157.04611,130.6252703,11,2,151,7036899,904201771,37.85674194,80.49248889,Bare Land,Natural
ERR2004629,0.058818869,2.095423662,237,1,392,13746274,1537266917,41.03754056,82.54833972,Bare Land,Natural
SRR12284397,8926.592503,14.19691262,99,4,32,40852590,5596772841,-30.4704,137.1363,Bare Land,Natural
SRR12284398,10697.49413,12.28418443,117,3,72,28877089,4195606786,-30.4704,137.1363,Bare Land,Natural
SRR5247052,0.005298854,0.188771812,466,1,400,41250904,5688041108,38.42,-109.4099,Bare Land,Natural
SRR6201734,0.001955289,0.069657228,527,1,405,129582649,15414650599,38.714694,-109.692944,Bare Land,Natural
SRR6201735,0.000115118,0.08267818,521,1,402,107461648,12987003674,38.714694,-109.692944,Bare Land,Natural
SRR6201737,2.29E-06,0.109868523,511,1,401,79948306,9772970402,38.714694,-109.692944,Bare Land,Natural
SRR6201738,0.010323262,0.07355329,526,1,404,117173339,14598148128,38.714694,-109.692944,Bare Land,Natural
SRR6201740,0.116331465,0.081751161,523,1,403,106259993,13134270047,38.714694,-109.692944,Bare Land,Natural
SRR6204322,0.271931642,0.191098146,465,1,399,41050653,5618797692,38.42,-109.4099,Bare Land,Natural
SRR6204324,0.000206418,0.2109841,455,1,398,37755411,5089207309,38.42,-109.4099,Bare Land,Natural
SRR6204779,8.64E-06,0.213567451,452,1,396,36537226,5027647318,38.42,-109.4099,Bare Land,Natural
SRR6204799,0.248251536,0.34891422,401,1,395,22724146,3077380521,38.42,-109.4099,Bare Land,Natural
SRR6205455,0.454776081,0.21306057,453,1,397,37307958,5039608326,38.42,-109.4099,Bare Land,Natural
SRR6205696,218.0145173,0.382709355,383,1,393,41902162,5611265109,38.42,-109.4099,Bare Land,Natural
ERR1395505,0.21924644,0.211206964,454,1,431,53196219,5083837213,51.091,10.523,Forest,Natural
ERR1395509,11.8967042,0.449551133,370,1,421,50158282,4776950807,51.091,10.523,Forest,Natural
ERR2017127,26.54371946,0.561158039,346,1,415,50121788,5740317786,51.652222,-128.129722,Forest,Natural
ERR2017131,270.8464586,1.297532794,275,2,156,36414499,4137628848,51.652222,-128.129722,Forest,Natural
ERR2017132,39.74330099,0.420104516,375,1,424,45097355,5111784246,51.652222,-128.129722,Forest,Natural
ERR2017133,21.49997879,0.227264419,447,1,429,42162685,4724636751,51.652222,-128.129722,Forest,Natural
ERR3412978,0.006657277,0.592877896,340,1,414,13559871,1811067391,18.321,-65.82,Forest,Natural
SRR11679700,64.67936396,0.113540135,510,1,439,63636464,9456936334,42.5315,-72.1899,Forest,Natural
SRR11679817,0.007809206,0.461322655,366,1,419,31367833,4655057854,42.5315,-72.1899,Forest,Natural
SRR4021135,3.70E-05,0.441727235,372,1,422,16991892,2430780218,42.531427,-72.189946,Forest,Natural
SRR4021136,0.204513461,0.279597348,430,1,427,27082362,3840314765,42.531427,-72.189946,Forest,Natural
SRR4021381,2.050953252,0.658582506,329,1,412,22927400,3260766309,42.531427,-72.189946,Forest,Natural
SRR4021382,1729.503894,0.784201053,309,1,410,19542677,2738435047,42.531427,-72.189946,Forest,Natural
SRR4022179,68.35296712,1.29145658,276,1,409,12499765,1662838443,42.471116,-72.17263,Forest,Natural
SRR5215304,0.145213235,0.20387243,456,2,159,74578903,10533467665,34.0938,-118.6572,Forest,Natural
SRR5215308,0.255551707,0.359174513,394,1,426,42436111,5978942192,37.1932,-122.2204,Forest,Natural
SRR5429566,210.1823427,0.737921031,316,1,411,11899758,1455090421,18.3,-65.8,Forest,Natural
SRR5429568,2841.408094,3.482380702,209,3,73,12192552,1541677829,18.3,-65.8,Forest,Natural
SRR5429570,643.1179184,1.459821964,261,2,154,12135329,1471058595,18.3,-65.8,Forest,Natural
SRR5429572,8.17399262,0.630921064,336,1,413,13753593,1701863967,18.3,-65.8,Forest,Natural
SRR5429574,160.8236128,0.516403576,353,1,416,16434789,2079268762,18.3,-65.8,Forest,Natural
SRR5429576,420.1903782,1.41104789,266,2,155,12331931,1521906991,18.3,-65.8,Forest,Natural
SRR5829904,11.6788489,0.220659423,448,1,430,33903199,4866059250,63.883,-145.733,Forest,Natural
SRR5829905,0.014109065,0.249316963,439,1,428,30378767,4306733936,63.883,-145.733,Forest,Natural
SRR5829935,155.2857266,0.456914918,368,3,75,66451093,9399927921,63.883,-145.733,Forest,Natural
SRR5829936,677.4623755,0.460768007,367,1,420,32500774,4660661363,63.883,-145.733,Forest,Natural
SRR5829939,6306.028205,1.585780561,254,2,153,13995075,2031318552,63.883,-145.733,Forest,Natural
SRR5829964,4.414814084,3.017821673,215,1,407,22003958,3202202603,63.883,-145.733,Forest,Natural
SRR5829970,372.2819559,0.506406322,354,1,417,43947567,6360950353,63.883,-145.733,Forest,Natural
SRR6337267,0.238651757,0.193942321,462,2,160,94404134,11072795447,59.888035,17.353021,Forest,Natural
SRR6337268,4.95E-06,0.161713946,484,1,435,111138633,13279520456,59.884393,17.353113,Forest,Natural
SRR6337271,0.068685274,0.093901988,516,1,443,96822630,11434708128,59.886834,17.352452,Forest,Natural
SRR6337272,0.202991581,0.195548149,461,1,432,45852644,5490933206,59.887289,17.3494,Forest,Natural
SRR6337273,0.72349559,1.16144159,281,2,157,39060271,4622452963,59.888277,17.351977,Forest,Natural
SRR6337274,0.359487034,0.505254227,355,1,418,90631428,10625757943,59.88822,17.352858,Forest,Natural
SRR6337276,0.614484575,0.431824934,374,1,423,42372467,4973042268,59.891479,17.34986,Forest,Natural
SRR6960367,1324.397674,27.9989548,54,1,406,2200796,306794831,39.7291,-123.6419,Forest,Natural
SRR7004602,0.002972468,2.299041887,232,1,408,3182304,467038826,49.0431,13.617,Forest,Natural
SRR7142645,121.5316722,6.042523113,169,2,152,32372004,4442439871,39.7291,-123.6419,Forest,Natural
SRR7533591,0.030706983,0.361742446,392,1,425,20451795,2968249473,42.481016,-72.178343,Forest,Natural
SRR7535303,0.220407971,0.103260154,514,1,441,72523401,10398413971,42.481016,-72.178343,Forest,Natural
SRR7535304,0.294108602,0.403015356,379,2,158,55308284,7992810764,42.481016,-72.178343,Forest,Natural
SRR7536466,0.181249191,0.174603024,477,1,434,42797284,6149617574,42.481016,-72.178343,Forest,Natural
SRR7538188,0.109890062,0.105860539,512,1,440,70338733,10142984680,42.481016,-72.178343,Forest,Natural
SRR7538189,0.15697307,0.151217076,490,1,436,49020017,7100665157,42.481016,-72.178343,Forest,Natural
SRR7540947,0.005427183,0.095902077,515,1,442,78020793,11196231125,42.481016,-72.178343,Forest,Natural
SRR7540954,0.00321559,0.113643423,509,1,438,65257478,9448341079,42.481016,-72.178343,Forest,Natural
SRR7541278,0.005221322,0.184528751,469,1,433,40018425,5818832112,42.481016,-72.178343,Forest,Natural
SRR7541460,0.292501286,0.140887826,498,1,437,52661894,7621253417,42.481016,-72.178343,Forest,Natural
SRR7976360,29.03483225,2.738555429,223,3,74,14239770,1960416453,39.7291,-123.6419,Forest,Natural
SRR9648436,0.085804183,0.08774039,518,1,444,84814995,12237714346,39.0844,-86.4705,Forest,Natural
SRR12009740,0.233212524,1.247966692,277,2,162,52103478,5162358088,24.52,102.48,Grassland,Natural
SRR12009741,0.002748548,1.62015145,253,3,76,46823238,4639191457,24.52,102.48,Grassland,Natural
SRR1510968,299.1623673,0.480304209,360,1,458,23982201,2235545315,35.904411,-83.953801,Grassland,Natural
SRR1510972,462.4502311,0.742462344,314,1,451,15013121,1446190279,35.904411,-83.953801,Grassland,Natural
SRR1510977,0.007309722,0.621251436,337,1,453,19325266,1728353066,35.904411,-83.953801,Grassland,Natural
SRR1510986,0.095499634,0.544289418,349,1,456,20346306,1972740583,35.904411,-83.953801,Grassland,Natural
SRR1510987,2.612624707,0.918002288,302,1,449,12039329,1169650488,35.904411,-83.953801,Grassland,Natural
SRR5215309,0.11041072,0.155180793,488,1,475,48839981,6919295897,37.406,-122.2269,Grassland,Natural
SRR5252270,14.78065195,1.423866507,264,1,448,26448754,3770514367,38.97364,-123.117453,Grassland,Natural
SRR5252277,0.754576858,0.242302509,443,1,465,31335161,4431410261,38.97364,-123.117453,Grassland,Natural
SRR5252281,0.198537291,0.191257192,464,1,467,39600396,5614125212,38.97364,-123.117453,Grassland,Natural
SRR5252282,0.373131686,0.359449442,393,1,460,43150769,5974369121,38.97364,-123.117453,Grassland,Natural
SRR5252284,1677.83779,0.281285894,429,1,462,26647098,3817261535,38.97364,-123.117453,Grassland,Natural
SRR5252346,0.031129823,0.178755046,473,1,470,42181057,6006777702,38.97364,-123.117453,Grassland,Natural
SRR5252349,67.71334934,0.643699017,334,2,165,35037327,5004241712,38.97364,-123.117453,Grassland,Natural
SRR5252351,0.157759158,0.151974339,489,1,476,50862943,7065283719,38.97364,-123.117453,Grassland,Natural
SRR5252352,0.777637843,1.237413986,278,2,163,30360937,4338652366,38.97364,-123.117453,Grassland,Natural
SRR5252353,0.526185207,0.253445347,437,1,463,29517934,4236581326,38.97364,-123.117453,Grassland,Natural
SRR5252354,0.372524811,0.358279323,395,2,168,41878804,5993881057,38.97364,-123.117453,Grassland,Natural
SRR5252356,0.505227843,0.243350904,442,1,464,30707058,4412319022,38.97364,-123.117453,Grassland,Natural
SRR5252363,0.020841559,0.181435295,472,1,469,41327936,5918042714,38.97364,-123.117453,Grassland,Natural
SRR5252568,11.52449413,7.588589172,150,2,161,46397605,6225747525,38.97364,-123.117453,Grassland,Natural
SRR5252572,0.384899839,0.185393036,468,1,468,43264149,5791705262,38.97364,-123.117453,Grassland,Natural
SRR5252623,0.108768346,0.148700926,492,1,477,51345435,7220814636,38.97364,-123.117453,Grassland,Natural
SRR5256983,0.472868094,0.161618537,485,1,474,47565925,6643679908,38.972988,-123.116539,Grassland,Natural
SRR5257968,0.172011131,0.165703712,481,1,472,46340062,6479890005,38.972988,-123.116539,Grassland,Natural
SRR5257969,0.482137788,0.464458435,364,1,459,49883306,6935444014,38.972988,-123.116539,Grassland,Natural
SRR5257970,0.571331589,0.781086958,310,1,450,51485430,6873382102,38.972988,-123.116539,Grassland,Natural
SRR5257971,1.496104009,0.48041462,359,1,457,47999789,6705094592,38.972988,-123.116539,Grassland,Natural
SRR5258557,0.170389801,0.327302865,410,2,171,47511301,6561151391,38.972988,-123.116539,Grassland,Natural
SRR5258559,0.180006953,0.173406337,478,1,471,44641535,6192056422,38.972988,-123.116539,Grassland,Natural
SRR5258560,0.27314943,0.308726879,417,2,173,50283521,6955933516,38.972988,-123.116539,Grassland,Natural
SRR5258561,0.018813333,0.163778663,483,1,473,48984633,6556054418,38.972988,-123.116539,Grassland,Natural
SRR5258562,5586.017835,1.123767655,284,2,164,40771204,5732902985,38.972988,-123.116539,Grassland,Natural
SRR5258597,30.2947384,0.19284787,463,1,466,39962155,5567817900,38.972988,-123.116539,Grassland,Natural
SRR5258598,3681.131688,0.617133804,338,1,454,36974175,5219654880,38.972988,-123.116539,Grassland,Natural
SRR5258656,17.96852384,12.28269178,118,1,447,48706500,6469013178,38.972988,-123.116539,Grassland,Natural
SRR5258657,0.000904541,0.145392598,496,1,478,54717667,7385120295,38.972988,-123.116539,Grassland,Natural
SRR5258658,1.333098212,0.642107635,335,1,452,37079294,5016644090,38.972988,-123.116539,Grassland,Natural
SRR5258659,0.419143922,0.335183932,407,2,170,47001352,6406881253,38.972988,-123.116539,Grassland,Natural
SRR5258660,0.950801867,0.445288297,371,2,166,69698988,9645363081,38.972988,-123.116539,Grassland,Natural
SRR5260219,0.340110742,0.327639333,409,1,461,49118482,6554413446,38.972988,-123.116539,Grassland,Natural
SRR5260220,0.34557785,0.320803518,411,2,172,49994107,6694077606,38.972988,-123.116539,Grassland,Natural
SRR6048446,181.4893584,0.582761151,342,1,455,13041650,1842507557,42.0266187,-93.6486594,Grassland,Natural
SRR6223544,0.335854823,0.379599589,385,2,167,41817882,5657233857,38.97364,-123.117453,Grassland,Natural
SRR6227641,0.222913601,0.351652706,397,2,169,43813183,6106830999,38.97364,-123.117453,Grassland,Natural
SRR9694520,42.8520445,58.58449581,28,1,445,99660,18328089,50.32,8.413,Grassland,Natural
SRR9694522,69.4684539,31.65756651,47,1,446,191340,33917384,50.32,8.413,Grassland,Natural
SRR12756242,0.074156266,0.305926682,418,1,491,24987652,3509801157,68.38,-149.43,Tundra,Natural
SRR12756243,0.366044126,0.352621774,396,1,489,21862531,3045024166,68.38,-149.43,Tundra,Natural
SRR12756246,0.001529502,0.28417897,427,1,492,28782232,3778400011,68.38,-149.43,Tundra,Natural
SRR5208451,1.017737152,1.040702813,292,1,486,36049529,5158734127,68.6139,-149.3145,Tundra,Natural
SRR5208454,0.752817621,0.384902632,382,1,488,38865581,5579290633,68.6139,-149.3145,Tundra,Natural
SRR5208455,0.31077995,0.317792829,413,1,490,48267642,6757495617,68.6137,-149.3144,Tundra,Natural
SRR5208541,1.492370348,1.526046305,256,1,484,39345910,5628882009,68.6135,-149.3144,Tundra,Natural
SRR5208544,1.466973513,1.50007638,259,1,485,59879765,8589497216,68.6137,-149.3144,Tundra,Natural
SRR5208545,7.466083813,0.788132941,308,2,180,28919008,4087160052,68.6135,-149.3144,Tundra,Natural
SRR5248195,28050.15527,12.71865382,112,1,480,14850022,2110565000,71.2999,-156.61,Tundra,Natural
SRR7152998,0.170762661,4.436029567,189,3,80,25312056,3146652542,68.3533,19.0475,Tundra,Natural
SRR7153001,0.11799774,3.983554205,201,2,178,11768098,1347718355,68.3533,19.0475,Tundra,Natural
SRR7153004,1.466806826,0.282604193,428,1,493,29962828,3799454676,68.3535,19.0472,Tundra,Natural
SRR7153006,0.937115995,9.902595678,129,3,77,13056871,1518024771,68.3534,19.0468,Tundra,Natural
SRR7153007,0.903986017,8.222153872,148,3,78,27958317,3656556608,68.3534,19.0468,Tundra,Natural
SRR7153008,0.237378481,4.064845864,199,4,35,19833319,2113225170,68.3534,19.0468,Tundra,Natural
SRR7153009,0.624696873,4.173329492,197,6,15,42905096,4888445711,68.3534,19.0468,Tundra,Natural
SRR7153010,0.001681014,0.401648735,380,1,487,21871806,2673335508,68.3533,19.0467,Tundra,Natural
SRR7153011,0.587030464,17.58863236,75,6,15,10193073,1159902273,68.3533,19.0476,Tundra,Natural
SRR7153012,2.044169778,7.116765113,155,5,19,28806499,3620999621,68.3533,19.0476,Tundra,Natural
SRR7153015,1.25746324,8.822230591,143,8,7,27802045,3407842355,68.3533,19.0476,Tundra,Natural
SRR7153018,4589.198721,23.40218,63,2,174,32235116,3441159618,68.3535,19.0474,Tundra,Natural
SRR7153019,0.162680864,4.899971663,182,2,177,25555170,3286983776,68.3533,19.0476,Tundra,Natural
SRR7153020,0.846456408,13.04070769,109,9,5,38368825,4363897881,68.3532,19.0469,Tundra,Natural
SRR7153021,1.609321638,13.50503937,107,8,6,15335137,1669641805,68.3532,19.0469,Tundra,Natural
SRR7153022,0.501575808,5.081504106,178,7,9,33382439,4226078742,68.3532,19.0469,Tundra,Natural
SRR7153023,3.352750799,5.090628643,177,5,20,14526103,1687401536,68.3532,19.0469,Tundra,Natural
SRR7153025,9.56228191,7.549680369,151,3,79,6139151,711117406,68.3533,19.0476,Tundra,Natural
SRR7153028,0.931220992,14.36921215,96,4,34,35530490,4707685723,68.3533,19.0467,Tundra,Natural
SRR7153029,2.018534262,12.06263134,119,1,481,636682,89013897,68.3533,19.0467,Tundra,Natural
SRR7153033,1.070701052,6.358221243,163,2,176,61530309,7430480704,68.3534,19.0468,Tundra,Natural
SRR7153034,0.174812157,3.67837515,205,2,179,64830974,8465290143,68.3534,19.0467,Tundra,Natural
SRR7153035,0.17466555,6.222464546,164,1,482,1164661,172558930,68.3534,19.0467,Tundra,Natural
SRR7153036,4.513909973,26.62038889,59,4,33,69836943,8672093151,68.3534,19.0467,Tundra,Natural
SRR7153039,5.596864063,22.29766723,65,1,479,378304,48154895,68.3534,19.0468,Tundra,Natural
SRR7153040,0.886956987,9.677201488,132,14,1,31920907,3994409511,68.3534,19.0467,Tundra,Natural
SRR7153041,1.037161729,13.8280689,103,9,4,15082496,1708287708,68.3534,19.0467,Tundra,Natural
SRR7153042,0.005041508,2.978767185,217,1,483,14354915,1802325857,68.3534,19.0467,Tundra,Natural
SRR7153043,0.976039284,11.37321467,121,10,3,44634622,5664582206,68.3534,19.0467,Tundra,Natural
SRR8429092,3235.681197,7.010287853,158,2,175,18967305,1837998975,64.5,-163.42,Tundra,Natural
SRR10854864,0.385514479,0.656438397,330,3,83,55788067,8178542179,64.9142,-147.835,Wetland,Natural
SRR11563839,0.018503468,0.652119453,332,1,513,11071575,1646541626,38.9206,-106.9489,Wetland,Natural
SRR11563874,3.349664827,1.89351852,245,2,182,11410306,1701185089,38.9206,-106.9489,Wetland,Natural
SRR11563893,2.500308223,12.58837091,114,1,495,5745067,852963288,38.9206,-106.9489,Wetland,Natural
SRR11564268,0.252894488,0.177719914,474,1,524,40433038,6041764260,38.9206,-106.9489,Wetland,Natural
SRR11564271,0.146238653,0.199927865,457,1,522,35977356,5370646184,38.9206,-106.9489,Wetland,Natural
SRR11565175,0.002751871,0.084537765,520,1,527,84943363,12701327317,38.9206,-106.9489,Wetland,Natural
SRR11565178,0.362330619,0.349044436,399,1,520,20626902,3076232457,38.9206,-106.9489,Wetland,Natural
SRR11565180,0.001145501,0.736494927,317,1,510,9757054,1457907970,38.9206,-106.9489,Wetland,Natural
SRR11565435,0.136297512,0.345842451,403,2,185,83045587,12418855120,38.9206,-106.9489,Wetland,Natural
SRR11565437,0.01039926,0.183251054,470,1,523,39238806,5859403266,38.9206,-106.9489,Wetland,Natural
SRR11565438,2.321966277,16.3666549,81,1,494,38700108,5773279946,38.9206,-106.9489,Wetland,Natural
SRR11565824,0.16875841,0.345557784,404,2,186,62395092,9321814243,38.9206,-106.9489,Wetland,Natural
SRR11678312,373.4965213,10.13095643,127,2,181,9300940,1377820920,38.9206,-106.9489,Wetland,Natural
SRR11678313,0.486134717,0.6646114,328,1,512,10901748,1615593450,38.9206,-106.9489,Wetland,Natural
SRR11678562,12.61330592,0.476629987,361,1,517,15117383,2252778577,38.9206,-106.9489,Wetland,Natural
SRR13614407,0.941270615,1.012980802,295,2,183,22363093,3179947208,78.55,11.56,Wetland,Natural
SRR13614415,0.192591577,2.8154041,221,3,81,32369917,4576572823,78.55,11.56,Wetland,Natural
SRR13614416,11.13825167,0.463966423,365,2,184,32559531,4628532460,78.55,11.56,Wetland,Natural
SRR13614417,0.017151756,0.81374032,304,1,509,27944091,3958542295,78.55,11.56,Wetland,Natural
SRR13614418,17.25753139,5.223290541,176,4,36,43356352,6167042493,78.55,11.56,Wetland,Natural
SRR13614419,0.000876506,0.215126726,451,1,521,35187816,4991206083,78.55,11.56,Wetland,Natural
SRR1503359,29212.1241,90.7227696,21,10,2,7296292,970504207,20.09,85.18,Wetland,Natural
SRR1509520,0.042845344,4.065470964,198,1,497,2835911,264112531,78.916667,11.933333,Wetland,Natural
SRR1509522,0.011299689,1.07219489,290,1,508,10848795,1001442773,78.916667,11.933333,Wetland,Natural
SRR2029846,693.734391,2.227576622,233,1,499,4952214,482022398,50.14667,12.45083,Wetland,Natural
SRR5252650,0.000960146,0.455478154,369,1,518,16404943,2357394783,50.131881,11.881046,Wetland,Natural
SRR5252706,390.7554828,1.371888262,268,1,505,16793153,2348023204,50.131881,11.881046,Wetland,Natural
SRR5252712,0.005606572,1.329835249,272,1,506,17086296,2422274094,50.131881,11.881046,Wetland,Natural
SRR5252766,0.031057328,1.834686915,248,1,503,12119424,1755735786,50.131881,11.881046,Wetland,Natural
SRR5252778,0.004057379,1.924757644,243,1,502,3864530,557858195,50.131881,11.881046,Wetland,Natural
SRR5252779,320.7173292,1.125994026,283,1,507,6774522,953594601,50.131881,11.881046,Wetland,Natural
SRR5252871,0.03420445,2.020600669,239,1,500,3683295,531397342,50.131881,11.881046,Wetland,Natural
SRR5252875,550.3468369,1.932191354,241,1,501,12018815,1667135848,50.131881,11.881046,Wetland,Natural
SRR5252877,755.585804,2.65275688,225,1,498,11525570,1619058018,50.131881,11.881046,Wetland,Natural
SRR5252891,0.003737766,0.441611053,373,1,519,17342305,2431419723,50.131881,11.881046,Wetland,Natural
SRR5253552,0.005014278,0.592429005,341,1,514,12587959,1812439658,50.131881,11.881046,Wetland,Natural
SRR5253559,5.27E-05,0.527642248,352,1,515,14270158,2034980761,50.131881,11.881046,Wetland,Natural
SRR5253615,17.71648095,4.980055496,180,1,496,9220213,1293650432,50.131881,11.881046,Wetland,Natural
SRR5253617,0.011653545,0.688423923,326,1,511,21678607,3119420428,50.131881,11.881046,Wetland,Natural
SRR5253621,0.014179126,1.035444605,293,3,82,21583381,3110958767,50.131881,11.881046,Wetland,Natural
SRR5253719,0.001021719,1.642357119,252,1,504,13562499,1961342898,50.131881,11.881046,Wetland,Natural
SRR5253720,1.012626445,0.487747389,358,1,516,15456684,2201430185,50.131881,11.881046,Wetland,Natural
SRR7004413,1.62E-06,0.092600811,517,1,526,82410387,11595382554,4.0627,-73.195,Wetland,Natural
SRR7006911,0.000202474,0.145416705,495,1,525,56061286,7383895992,3.8381,-73.3194,Wetland,Natural
SRR7007034,2.33E-06,0.078479741,525,1,528,96023504,13681770795,3.8381,-73.3194,Wetland,Natural
ERR2004617,3.172828021,0.376924935,387,1,394,22320794,2848688759,40.92081083,83.12828833,Natural Land,Natural
ERR2004618,215967.5363,740.0794111,2,4,31,4368969,567281088,37.85725667,80.49236611,Natural Land,Natural
ERR2004620,80157.04611,130.6252703,11,2,151,7036899,904201771,37.85674194,80.49248889,Natural Land,Natural
ERR2004629,0.058818869,2.095423662,237,1,392,13746274,1537266917,41.03754056,82.54833972,Natural Land,Natural
SRR12284397,8926.592503,14.19691262,99,4,32,40852590,5596772841,-30.4704,137.1363,Natural Land,Natural
SRR12284398,10697.49413,12.28418443,117,3,72,28877089,4195606786,-30.4704,137.1363,Natural Land,Natural
SRR5247052,0.005298854,0.188771812,466,1,400,41250904,5688041108,38.42,-109.4099,Natural Land,Natural
SRR6201734,0.001955289,0.069657228,527,1,405,129582649,15414650599,38.714694,-109.692944,Natural Land,Natural
SRR6201735,0.000115118,0.08267818,521,1,402,107461648,12987003674,38.714694,-109.692944,Natural Land,Natural
SRR6201737,2.29E-06,0.109868523,511,1,401,79948306,9772970402,38.714694,-109.692944,Natural Land,Natural
SRR6201738,0.010323262,0.07355329,526,1,404,117173339,14598148128,38.714694,-109.692944,Natural Land,Natural
SRR6201740,0.116331465,0.081751161,523,1,403,106259993,13134270047,38.714694,-109.692944,Natural Land,Natural
SRR6204322,0.271931642,0.191098146,465,1,399,41050653,5618797692,38.42,-109.4099,Natural Land,Natural
SRR6204324,0.000206418,0.2109841,455,1,398,37755411,5089207309,38.42,-109.4099,Natural Land,Natural
SRR6204779,8.64E-06,0.213567451,452,1,396,36537226,5027647318,38.42,-109.4099,Natural Land,Natural
SRR6204799,0.248251536,0.34891422,401,1,395,22724146,3077380521,38.42,-109.4099,Natural Land,Natural
SRR6205455,0.454776081,0.21306057,453,1,397,37307958,5039608326,38.42,-109.4099,Natural Land,Natural
SRR6205696,218.0145173,0.382709355,383,1,393,41902162,5611265109,38.42,-109.4099,Natural Land,Natural
ERR1395505,0.21924644,0.211206964,454,1,431,53196219,5083837213,51.091,10.523,Natural Land,Natural
ERR1395509,11.8967042,0.449551133,370,1,421,50158282,4776950807,51.091,10.523,Natural Land,Natural
ERR2017127,26.54371946,0.561158039,346,1,415,50121788,5740317786,51.652222,-128.129722,Natural Land,Natural
ERR2017131,270.8464586,1.297532794,275,2,156,36414499,4137628848,51.652222,-128.129722,Natural Land,Natural
ERR2017132,39.74330099,0.420104516,375,1,424,45097355,5111784246,51.652222,-128.129722,Natural Land,Natural
ERR2017133,21.49997879,0.227264419,447,1,429,42162685,4724636751,51.652222,-128.129722,Natural Land,Natural
ERR3412978,0.006657277,0.592877896,340,1,414,13559871,1811067391,18.321,-65.82,Natural Land,Natural
SRR11679700,64.67936396,0.113540135,510,1,439,63636464,9456936334,42.5315,-72.1899,Natural Land,Natural
SRR11679817,0.007809206,0.461322655,366,1,419,31367833,4655057854,42.5315,-72.1899,Natural Land,Natural
SRR4021135,3.70E-05,0.441727235,372,1,422,16991892,2430780218,42.531427,-72.189946,Natural Land,Natural
SRR4021136,0.204513461,0.279597348,430,1,427,27082362,3840314765,42.531427,-72.189946,Natural Land,Natural
SRR4021381,2.050953252,0.658582506,329,1,412,22927400,3260766309,42.531427,-72.189946,Natural Land,Natural
SRR4021382,1729.503894,0.784201053,309,1,410,19542677,2738435047,42.531427,-72.189946,Natural Land,Natural
SRR4022179,68.35296712,1.29145658,276,1,409,12499765,1662838443,42.471116,-72.17263,Natural Land,Natural
SRR5215304,0.145213235,0.20387243,456,2,159,74578903,10533467665,34.0938,-118.6572,Natural Land,Natural
SRR5215308,0.255551707,0.359174513,394,1,426,42436111,5978942192,37.1932,-122.2204,Natural Land,Natural
SRR5429566,210.1823427,0.737921031,316,1,411,11899758,1455090421,18.3,-65.8,Natural Land,Natural
SRR5429568,2841.408094,3.482380702,209,3,73,12192552,1541677829,18.3,-65.8,Natural Land,Natural
SRR5429570,643.1179184,1.459821964,261,2,154,12135329,1471058595,18.3,-65.8,Natural Land,Natural
SRR5429572,8.17399262,0.630921064,336,1,413,13753593,1701863967,18.3,-65.8,Natural Land,Natural
SRR5429574,160.8236128,0.516403576,353,1,416,16434789,2079268762,18.3,-65.8,Natural Land,Natural
SRR5429576,420.1903782,1.41104789,266,2,155,12331931,1521906991,18.3,-65.8,Natural Land,Natural
SRR5829904,11.6788489,0.220659423,448,1,430,33903199,4866059250,63.883,-145.733,Natural Land,Natural
SRR5829905,0.014109065,0.249316963,439,1,428,30378767,4306733936,63.883,-145.733,Natural Land,Natural
SRR5829935,155.2857266,0.456914918,368,3,75,66451093,9399927921,63.883,-145.733,Natural Land,Natural
SRR5829936,677.4623755,0.460768007,367,1,420,32500774,4660661363,63.883,-145.733,Natural Land,Natural
SRR5829939,6306.028205,1.585780561,254,2,153,13995075,2031318552,63.883,-145.733,Natural Land,Natural
SRR5829964,4.414814084,3.017821673,215,1,407,22003958,3202202603,63.883,-145.733,Natural Land,Natural
SRR5829970,372.2819559,0.506406322,354,1,417,43947567,6360950353,63.883,-145.733,Natural Land,Natural
SRR6337267,0.238651757,0.193942321,462,2,160,94404134,11072795447,59.888035,17.353021,Natural Land,Natural
SRR6337268,4.95E-06,0.161713946,484,1,435,111138633,13279520456,59.884393,17.353113,Natural Land,Natural
SRR6337271,0.068685274,0.093901988,516,1,443,96822630,11434708128,59.886834,17.352452,Natural Land,Natural
SRR6337272,0.202991581,0.195548149,461,1,432,45852644,5490933206,59.887289,17.3494,Natural Land,Natural
SRR6337273,0.72349559,1.16144159,281,2,157,39060271,4622452963,59.888277,17.351977,Natural Land,Natural
SRR6337274,0.359487034,0.505254227,355,1,418,90631428,10625757943,59.88822,17.352858,Natural Land,Natural
SRR6337276,0.614484575,0.431824934,374,1,423,42372467,4973042268,59.891479,17.34986,Natural Land,Natural
SRR6960367,1324.397674,27.9989548,54,1,406,2200796,306794831,39.7291,-123.6419,Natural Land,Natural
SRR7004602,0.002972468,2.299041887,232,1,408,3182304,467038826,49.0431,13.617,Natural Land,Natural
SRR7142645,121.5316722,6.042523113,169,2,152,32372004,4442439871,39.7291,-123.6419,Natural Land,Natural
SRR7533591,0.030706983,0.361742446,392,1,425,20451795,2968249473,42.481016,-72.178343,Natural Land,Natural
SRR7535303,0.220407971,0.103260154,514,1,441,72523401,10398413971,42.481016,-72.178343,Natural Land,Natural
SRR7535304,0.294108602,0.403015356,379,2,158,55308284,7992810764,42.481016,-72.178343,Natural Land,Natural
SRR7536466,0.181249191,0.174603024,477,1,434,42797284,6149617574,42.481016,-72.178343,Natural Land,Natural
SRR7538188,0.109890062,0.105860539,512,1,440,70338733,10142984680,42.481016,-72.178343,Natural Land,Natural
SRR7538189,0.15697307,0.151217076,490,1,436,49020017,7100665157,42.481016,-72.178343,Natural Land,Natural
SRR7540947,0.005427183,0.095902077,515,1,442,78020793,11196231125,42.481016,-72.178343,Natural Land,Natural
SRR7540954,0.00321559,0.113643423,509,1,438,65257478,9448341079,42.481016,-72.178343,Natural Land,Natural
SRR7541278,0.005221322,0.184528751,469,1,433,40018425,5818832112,42.481016,-72.178343,Natural Land,Natural
SRR7541460,0.292501286,0.140887826,498,1,437,52661894,7621253417,42.481016,-72.178343,Natural Land,Natural
SRR7976360,29.03483225,2.738555429,223,3,74,14239770,1960416453,39.7291,-123.6419,Natural Land,Natural
SRR9648436,0.085804183,0.08774039,518,1,444,84814995,12237714346,39.0844,-86.4705,Natural Land,Natural
SRR12009740,0.233212524,1.247966692,277,2,162,52103478,5162358088,24.52,102.48,Natural Land,Natural
SRR12009741,0.002748548,1.62015145,253,3,76,46823238,4639191457,24.52,102.48,Natural Land,Natural
SRR1510968,299.1623673,0.480304209,360,1,458,23982201,2235545315,35.904411,-83.953801,Natural Land,Natural
SRR1510972,462.4502311,0.742462344,314,1,451,15013121,1446190279,35.904411,-83.953801,Natural Land,Natural
SRR1510977,0.007309722,0.621251436,337,1,453,19325266,1728353066,35.904411,-83.953801,Natural Land,Natural
SRR1510986,0.095499634,0.544289418,349,1,456,20346306,1972740583,35.904411,-83.953801,Natural Land,Natural
SRR1510987,2.612624707,0.918002288,302,1,449,12039329,1169650488,35.904411,-83.953801,Natural Land,Natural
SRR5215309,0.11041072,0.155180793,488,1,475,48839981,6919295897,37.406,-122.2269,Natural Land,Natural
SRR5252270,14.78065195,1.423866507,264,1,448,26448754,3770514367,38.97364,-123.117453,Natural Land,Natural
SRR5252277,0.754576858,0.242302509,443,1,465,31335161,4431410261,38.97364,-123.117453,Natural Land,Natural
SRR5252281,0.198537291,0.191257192,464,1,467,39600396,5614125212,38.97364,-123.117453,Natural Land,Natural
SRR5252282,0.373131686,0.359449442,393,1,460,43150769,5974369121,38.97364,-123.117453,Natural Land,Natural
SRR5252284,1677.83779,0.281285894,429,1,462,26647098,3817261535,38.97364,-123.117453,Natural Land,Natural
SRR5252346,0.031129823,0.178755046,473,1,470,42181057,6006777702,38.97364,-123.117453,Natural Land,Natural
SRR5252349,67.71334934,0.643699017,334,2,165,35037327,5004241712,38.97364,-123.117453,Natural Land,Natural
SRR5252351,0.157759158,0.151974339,489,1,476,50862943,7065283719,38.97364,-123.117453,Natural Land,Natural
SRR5252352,0.777637843,1.237413986,278,2,163,30360937,4338652366,38.97364,-123.117453,Natural Land,Natural
SRR5252353,0.526185207,0.253445347,437,1,463,29517934,4236581326,38.97364,-123.117453,Natural Land,Natural
SRR5252354,0.372524811,0.358279323,395,2,168,41878804,5993881057,38.97364,-123.117453,Natural Land,Natural
SRR5252356,0.505227843,0.243350904,442,1,464,30707058,4412319022,38.97364,-123.117453,Natural Land,Natural
SRR5252363,0.020841559,0.181435295,472,1,469,41327936,5918042714,38.97364,-123.117453,Natural Land,Natural
SRR5252568,11.52449413,7.588589172,150,2,161,46397605,6225747525,38.97364,-123.117453,Natural Land,Natural
SRR5252572,0.384899839,0.185393036,468,1,468,43264149,5791705262,38.97364,-123.117453,Natural Land,Natural
SRR5252623,0.108768346,0.148700926,492,1,477,51345435,7220814636,38.97364,-123.117453,Natural Land,Natural
SRR5256983,0.472868094,0.161618537,485,1,474,47565925,6643679908,38.972988,-123.116539,Natural Land,Natural
SRR5257968,0.172011131,0.165703712,481,1,472,46340062,6479890005,38.972988,-123.116539,Natural Land,Natural
SRR5257969,0.482137788,0.464458435,364,1,459,49883306,6935444014,38.972988,-123.116539,Natural Land,Natural
SRR5257970,0.571331589,0.781086958,310,1,450,51485430,6873382102,38.972988,-123.116539,Natural Land,Natural
SRR5257971,1.496104009,0.48041462,359,1,457,47999789,6705094592,38.972988,-123.116539,Natural Land,Natural
SRR5258557,0.170389801,0.327302865,410,2,171,47511301,6561151391,38.972988,-123.116539,Natural Land,Natural
SRR5258559,0.180006953,0.173406337,478,1,471,44641535,6192056422,38.972988,-123.116539,Natural Land,Natural
SRR5258560,0.27314943,0.308726879,417,2,173,50283521,6955933516,38.972988,-123.116539,Natural Land,Natural
SRR5258561,0.018813333,0.163778663,483,1,473,48984633,6556054418,38.972988,-123.116539,Natural Land,Natural
SRR5258562,5586.017835,1.123767655,284,2,164,40771204,5732902985,38.972988,-123.116539,Natural Land,Natural
SRR5258597,30.2947384,0.19284787,463,1,466,39962155,5567817900,38.972988,-123.116539,Natural Land,Natural
SRR5258598,3681.131688,0.617133804,338,1,454,36974175,5219654880,38.972988,-123.116539,Natural Land,Natural
SRR5258656,17.96852384,12.28269178,118,1,447,48706500,6469013178,38.972988,-123.116539,Natural Land,Natural
SRR5258657,0.000904541,0.145392598,496,1,478,54717667,7385120295,38.972988,-123.116539,Natural Land,Natural
SRR5258658,1.333098212,0.642107635,335,1,452,37079294,5016644090,38.972988,-123.116539,Natural Land,Natural
SRR5258659,0.419143922,0.335183932,407,2,170,47001352,6406881253,38.972988,-123.116539,Natural Land,Natural
SRR5258660,0.950801867,0.445288297,371,2,166,69698988,9645363081,38.972988,-123.116539,Natural Land,Natural
SRR5260219,0.340110742,0.327639333,409,1,461,49118482,6554413446,38.972988,-123.116539,Natural Land,Natural
SRR5260220,0.34557785,0.320803518,411,2,172,49994107,6694077606,38.972988,-123.116539,Natural Land,Natural
SRR6048446,181.4893584,0.582761151,342,1,455,13041650,1842507557,42.0266187,-93.6486594,Natural Land,Natural
SRR6223544,0.335854823,0.379599589,385,2,167,41817882,5657233857,38.97364,-123.117453,Natural Land,Natural
SRR6227641,0.222913601,0.351652706,397,2,169,43813183,6106830999,38.97364,-123.117453,Natural Land,Natural
SRR9694520,42.8520445,58.58449581,28,1,445,99660,18328089,50.32,8.413,Natural Land,Natural
SRR9694522,69.4684539,31.65756651,47,1,446,191340,33917384,50.32,8.413,Natural Land,Natural
SRR12756242,0.074156266,0.305926682,418,1,491,24987652,3509801157,68.38,-149.43,Natural Land,Natural
SRR12756243,0.366044126,0.352621774,396,1,489,21862531,3045024166,68.38,-149.43,Natural Land,Natural
SRR12756246,0.001529502,0.28417897,427,1,492,28782232,3778400011,68.38,-149.43,Natural Land,Natural
SRR5208451,1.017737152,1.040702813,292,1,486,36049529,5158734127,68.6139,-149.3145,Natural Land,Natural
SRR5208454,0.752817621,0.384902632,382,1,488,38865581,5579290633,68.6139,-149.3145,Natural Land,Natural
SRR5208455,0.31077995,0.317792829,413,1,490,48267642,6757495617,68.6137,-149.3144,Natural Land,Natural
SRR5208541,1.492370348,1.526046305,256,1,484,39345910,5628882009,68.6135,-149.3144,Natural Land,Natural
SRR5208544,1.466973513,1.50007638,259,1,485,59879765,8589497216,68.6137,-149.3144,Natural Land,Natural
SRR5208545,7.466083813,0.788132941,308,2,180,28919008,4087160052,68.6135,-149.3144,Natural Land,Natural
SRR5248195,28050.15527,12.71865382,112,1,480,14850022,2110565000,71.2999,-156.61,Natural Land,Natural
SRR7152998,0.170762661,4.436029567,189,3,80,25312056,3146652542,68.3533,19.0475,Natural Land,Natural
SRR7153001,0.11799774,3.983554205,201,2,178,11768098,1347718355,68.3533,19.0475,Natural Land,Natural
SRR7153004,1.466806826,0.282604193,428,1,493,29962828,3799454676,68.3535,19.0472,Natural Land,Natural
SRR7153006,0.937115995,9.902595678,129,3,77,13056871,1518024771,68.3534,19.0468,Natural Land,Natural
SRR7153007,0.903986017,8.222153872,148,3,78,27958317,3656556608,68.3534,19.0468,Natural Land,Natural
SRR7153008,0.237378481,4.064845864,199,4,35,19833319,2113225170,68.3534,19.0468,Natural Land,Natural
SRR7153009,0.624696873,4.173329492,197,6,15,42905096,4888445711,68.3534,19.0468,Natural Land,Natural
SRR7153010,0.001681014,0.401648735,380,1,487,21871806,2673335508,68.3533,19.0467,Natural Land,Natural
SRR7153011,0.587030464,17.58863236,75,6,15,10193073,1159902273,68.3533,19.0476,Natural Land,Natural
SRR7153012,2.044169778,7.116765113,155,5,19,28806499,3620999621,68.3533,19.0476,Natural Land,Natural
SRR7153015,1.25746324,8.822230591,143,8,7,27802045,3407842355,68.3533,19.0476,Natural Land,Natural
SRR7153018,4589.198721,23.40218,63,2,174,32235116,3441159618,68.3535,19.0474,Natural Land,Natural
SRR7153019,0.162680864,4.899971663,182,2,177,25555170,3286983776,68.3533,19.0476,Natural Land,Natural
SRR7153020,0.846456408,13.04070769,109,9,5,38368825,4363897881,68.3532,19.0469,Natural Land,Natural
SRR7153021,1.609321638,13.50503937,107,8,6,15335137,1669641805,68.3532,19.0469,Natural Land,Natural
SRR7153022,0.501575808,5.081504106,178,7,9,33382439,4226078742,68.3532,19.0469,Natural Land,Natural
SRR7153023,3.352750799,5.090628643,177,5,20,14526103,1687401536,68.3532,19.0469,Natural Land,Natural
SRR7153025,9.56228191,7.549680369,151,3,79,6139151,711117406,68.3533,19.0476,Natural Land,Natural
SRR7153028,0.931220992,14.36921215,96,4,34,35530490,4707685723,68.3533,19.0467,Natural Land,Natural
SRR7153029,2.018534262,12.06263134,119,1,481,636682,89013897,68.3533,19.0467,Natural Land,Natural
SRR7153033,1.070701052,6.358221243,163,2,176,61530309,7430480704,68.3534,19.0468,Natural Land,Natural
SRR7153034,0.174812157,3.67837515,205,2,179,64830974,8465290143,68.3534,19.0467,Natural Land,Natural
SRR7153035,0.17466555,6.222464546,164,1,482,1164661,172558930,68.3534,19.0467,Natural Land,Natural
SRR7153036,4.513909973,26.62038889,59,4,33,69836943,8672093151,68.3534,19.0467,Natural Land,Natural
SRR7153039,5.596864063,22.29766723,65,1,479,378304,48154895,68.3534,19.0468,Natural Land,Natural
SRR7153040,0.886956987,9.677201488,132,14,1,31920907,3994409511,68.3534,19.0467,Natural Land,Natural
SRR7153041,1.037161729,13.8280689,103,9,4,15082496,1708287708,68.3534,19.0467,Natural Land,Natural
SRR7153042,0.005041508,2.978767185,217,1,483,14354915,1802325857,68.3534,19.0467,Natural Land,Natural
SRR7153043,0.976039284,11.37321467,121,10,3,44634622,5664582206,68.3534,19.0467,Natural Land,Natural
SRR8429092,3235.681197,7.010287853,158,2,175,18967305,1837998975,64.5,-163.42,Natural Land,Natural
SRR10854864,0.385514479,0.656438397,330,3,83,55788067,8178542179,64.9142,-147.835,Natural Land,Natural
SRR11563839,0.018503468,0.652119453,332,1,513,11071575,1646541626,38.9206,-106.9489,Natural Land,Natural
SRR11563874,3.349664827,1.89351852,245,2,182,11410306,1701185089,38.9206,-106.9489,Natural Land,Natural
SRR11563893,2.500308223,12.58837091,114,1,495,5745067,852963288,38.9206,-106.9489,Natural Land,Natural
SRR11564268,0.252894488,0.177719914,474,1,524,40433038,6041764260,38.9206,-106.9489,Natural Land,Natural
SRR11564271,0.146238653,0.199927865,457,1,522,35977356,5370646184,38.9206,-106.9489,Natural Land,Natural
SRR11565175,0.002751871,0.084537765,520,1,527,84943363,12701327317,38.9206,-106.9489,Natural Land,Natural
SRR11565178,0.362330619,0.349044436,399,1,520,20626902,3076232457,38.9206,-106.9489,Natural Land,Natural
SRR11565180,0.001145501,0.736494927,317,1,510,9757054,1457907970,38.9206,-106.9489,Natural Land,Natural
SRR11565435,0.136297512,0.345842451,403,2,185,83045587,12418855120,38.9206,-106.9489,Natural Land,Natural
SRR11565437,0.01039926,0.183251054,470,1,523,39238806,5859403266,38.9206,-106.9489,Natural Land,Natural
SRR11565438,2.321966277,16.3666549,81,1,494,38700108,5773279946,38.9206,-106.9489,Natural Land,Natural
SRR11565824,0.16875841,0.345557784,404,2,186,62395092,9321814243,38.9206,-106.9489,Natural Land,Natural
SRR11678312,373.4965213,10.13095643,127,2,181,9300940,1377820920,38.9206,-106.9489,Natural Land,Natural
SRR11678313,0.486134717,0.6646114,328,1,512,10901748,1615593450,38.9206,-106.9489,Natural Land,Natural
SRR11678562,12.61330592,0.476629987,361,1,517,15117383,2252778577,38.9206,-106.9489,Natural Land,Natural
SRR13614407,0.941270615,1.012980802,295,2,183,22363093,3179947208,78.55,11.56,Natural Land,Natural
SRR13614415,0.192591577,2.8154041,221,3,81,32369917,4576572823,78.55,11.56,Natural Land,Natural
SRR13614416,11.13825167,0.463966423,365,2,184,32559531,4628532460,78.55,11.56,Natural Land,Natural
SRR13614417,0.017151756,0.81374032,304,1,509,27944091,3958542295,78.55,11.56,Natural Land,Natural
SRR13614418,17.25753139,5.223290541,176,4,36,43356352,6167042493,78.55,11.56,Natural Land,Natural
SRR13614419,0.000876506,0.215126726,451,1,521,35187816,4991206083,78.55,11.56,Natural Land,Natural
SRR1503359,29212.1241,90.7227696,21,10,2,7296292,970504207,20.09,85.18,Natural Land,Natural
SRR1509520,0.042845344,4.065470964,198,1,497,2835911,264112531,78.916667,11.933333,Natural Land,Natural
SRR1509522,0.011299689,1.07219489,290,1,508,10848795,1001442773,78.916667,11.933333,Natural Land,Natural
SRR2029846,693.734391,2.227576622,233,1,499,4952214,482022398,50.14667,12.45083,Natural Land,Natural
SRR5252650,0.000960146,0.455478154,369,1,518,16404943,2357394783,50.131881,11.881046,Natural Land,Natural
SRR5252706,390.7554828,1.371888262,268,1,505,16793153,2348023204,50.131881,11.881046,Natural Land,Natural
SRR5252712,0.005606572,1.329835249,272,1,506,17086296,2422274094,50.131881,11.881046,Natural Land,Natural
SRR5252766,0.031057328,1.834686915,248,1,503,12119424,1755735786,50.131881,11.881046,Natural Land,Natural
SRR5252778,0.004057379,1.924757644,243,1,502,3864530,557858195,50.131881,11.881046,Natural Land,Natural
SRR5252779,320.7173292,1.125994026,283,1,507,6774522,953594601,50.131881,11.881046,Natural Land,Natural
SRR5252871,0.03420445,2.020600669,239,1,500,3683295,531397342,50.131881,11.881046,Natural Land,Natural
SRR5252875,550.3468369,1.932191354,241,1,501,12018815,1667135848,50.131881,11.881046,Natural Land,Natural
SRR5252877,755.585804,2.65275688,225,1,498,11525570,1619058018,50.131881,11.881046,Natural Land,Natural
SRR5252891,0.003737766,0.441611053,373,1,519,17342305,2431419723,50.131881,11.881046,Natural Land,Natural
SRR5253552,0.005014278,0.592429005,341,1,514,12587959,1812439658,50.131881,11.881046,Natural Land,Natural
SRR5253559,5.27E-05,0.527642248,352,1,515,14270158,2034980761,50.131881,11.881046,Natural Land,Natural
SRR5253615,17.71648095,4.980055496,180,1,496,9220213,1293650432,50.131881,11.881046,Natural Land,Natural
SRR5253617,0.011653545,0.688423923,326,1,511,21678607,3119420428,50.131881,11.881046,Natural Land,Natural
SRR5253621,0.014179126,1.035444605,293,3,82,21583381,3110958767,50.131881,11.881046,Natural Land,Natural
SRR5253719,0.001021719,1.642357119,252,1,504,13562499,1961342898,50.131881,11.881046,Natural Land,Natural
SRR5253720,1.012626445,0.487747389,358,1,516,15456684,2201430185,50.131881,11.881046,Natural Land,Natural
SRR7004413,1.62E-06,0.092600811,517,1,526,82410387,11595382554,4.0627,-73.195,Natural Land,Natural
SRR7006911,0.000202474,0.145416705,495,1,525,56061286,7383895992,3.8381,-73.3194,Natural Land,Natural
SRR7007034,2.33E-06,0.078479741,525,1,528,96023504,13681770795,3.8381,-73.3194,Natural Land,Natural