otu_id,sample_id,Host,project_id,count,nreads,classification,run_id
NC_035460.1,CRMT_S05,Human_and_other_vertebrates,soil,9.000000001,3.473619969,soil,CRMT_S05
NC_007647.1,CRMT_S08,Human_and_other_vertebrates,soil,33,4.728223884,soil,CRMT_S08
NC_036582.1,CRMT_S11,Birds,soil,1.000000001,3.321881229,soil,CRMT_S11
NC_001669.1,CRMT_S14,Non_human_primates,soil,0.999999999,4.029216359,soil,CRMT_S14
NC_036582.1,CRMT_S16,Birds,soil,0.999999999,3.316502664,soil,CRMT_S16
NC_006430.1,CRMT_S17,Human_and_other_vertebrates,soil,79.00000001,3.587525491,soil,CRMT_S17
NC_036582.1,CRMT_S18,Birds,soil,1,3.954184914,soil,CRMT_S18
NC_007363.1,CRMT_S22,Human_and_other_vertebrates,soil,1.000000002,4.111936473,soil,CRMT_S22
NC_036582.1,CRMT_S22,Birds,soil,3.999999998,4.111936473,soil,CRMT_S22
NC_006430.1,CRMT_S24,Human_and_other_vertebrates,soil,4543.000001,3.782577188,soil,CRMT_S24
NC_006430.1,CRMT_S25,Human_and_other_vertebrates,soil,146,4.037787105,soil,CRMT_S25
NC_036582.1,CRMT_S31,Birds,soil,1.000000001,3.384799196,soil,CRMT_S31
NC_007362.1,CRMT_S33,Human_and_other_vertebrates,soil,0.999999999,3.741795035,soil,CRMT_S33
NC_006430.1,CRMT_S34,Human_and_other_vertebrates,soil,1,2.176820946,soil,CRMT_S34
NC_007647.1,CRMT_S34,Human_and_other_vertebrates,soil,2.000000001,2.176820946,soil,CRMT_S34
NC_006430.1,CRMT_S37,Human_and_other_vertebrates,soil,1,3.130064836,soil,CRMT_S37
NC_001357.1,CRMT_S38,Human,soil,1.000000001,3.32028883,soil,CRMT_S38
NC_001357.1,CRMT_S39,Human,soil,3,4.625739384,soil,CRMT_S39
NC_006430.1,CRMT_S40,Human_and_other_vertebrates,soil,1,2.936649842,soil,CRMT_S40
NC_006273.2,CRMT_S41,Human_and_other_vertebrates,soil,15,3.464155182,soil,CRMT_S41
NC_006430.1,CRMT_S43,Human_and_other_vertebrates,soil,1.000000001,3.22364765,soil,CRMT_S43
NC_001357.1,CRMT_S45,Human,soil,0.999999999,3.675718374,soil,CRMT_S45
NC_001669.1,CRMT_S45,Non_human_primates,soil,4,3.675718374,soil,CRMT_S45
NC_001357.1,CRMT_S47,Human,soil,1,2.746160169,soil,CRMT_S47
NC_001357.1,CRMT_S48,Human,soil,1.999999999,2.623631328,soil,CRMT_S48
NC_001479.1,CRMT_S48,Human_and_other_vertebrates,soil,1.000000001,2.623631328,soil,CRMT_S48
NC_007605.1,CRMT_S48,Human,soil,1.000000001,2.623631328,soil,CRMT_S48
NC_001357.1,CRMT_S50,Human,soil,1,1.681075803,soil,CRMT_S50
NC_001357.1,CRMT_S51,Human,soil,1,1.729179052,soil,CRMT_S51
NC_006273.2,CRMT_S52,Human_and_other_vertebrates,soil,1,2.034648405,soil,CRMT_S52
NC_001357.1,CRMT_S54,Human,soil,1.000000001,3.342627177,soil,CRMT_S54
NC_001669.1,CRMT_S55,Non_human_primates,soil,1,0.793659931,soil,CRMT_S55
NC_006273.2,CRMT_S55,Human_and_other_vertebrates,soil,1,0.793659931,soil,CRMT_S55
NC_001357.1,CRMT_S56,Human,soil,2,2.696735937,soil,CRMT_S56
NC_001669.1,CRMT_S58,Non_human_primates,soil,0.999999999,3.122831911,soil,CRMT_S58
NC_003678.1,CRMT_S58,Ungulata,soil,2.999999999,3.122831911,soil,CRMT_S58
NC_006273.2,CRMT_S58,Human_and_other_vertebrates,soil,4.999999999,3.122831911,soil,CRMT_S58
NC_001357.1,CRMT_S59,Human,soil,1,2.889030289,soil,CRMT_S59
NC_001357.1,CRMT_S60,Human,soil,0.999999998,3.516158818,soil,CRMT_S60
NC_001357.1,CRMT_S61,Human,soil,1.000000001,3.582880588,soil,CRMT_S61
NC_001479.1,CRMT_S61,Human_and_other_vertebrates,soil,3,3.582880588,soil,CRMT_S61
NC_001669.1,CRMT_S62,Non_human_primates,soil,0.999999999,3.920594118,soil,CRMT_S62
NC_006273.2,CRMT_S62,Human_and_other_vertebrates,soil,3.000000001,3.920594118,soil,CRMT_S62
NC_006273.2,CRMT_S63,Human_and_other_vertebrates,soil,20,3.332493049,soil,CRMT_S63
NC_001669.1,CRMT_S64,Non_human_primates,soil,2,4.13821595,soil,CRMT_S64
NC_006273.2,CRMT_S64,Human_and_other_vertebrates,soil,1,4.13821595,soil,CRMT_S64
NC_001357.1,CRMT_S65,Human,soil,0.999999999,3.048409584,soil,CRMT_S65
NC_007605.1,CRMT_S66,Human,soil,1.000000001,2.86579297,soil,CRMT_S66
NC_001669.1,CRMT_S67,Non_human_primates,soil,2.000000001,5.181105869,soil,CRMT_S67
NC_006273.2,CRMT_S67,Human_and_other_vertebrates,soil,7.999999999,5.181105869,soil,CRMT_S67
NC_007605.1,CRMT_S69,Human,soil,1.000000001,2.740914851,soil,CRMT_S69
NC_001669.1,CRMT_S70,Non_human_primates,soil,1.999999999,4.751135045,soil,CRMT_S70
NC_006273.2,CRMT_S70,Human_and_other_vertebrates,soil,6.000000001,4.751135045,soil,CRMT_S70
NC_001357.1,CRMT_S71,Human,soil,2.000000001,2.860979969,soil,CRMT_S71
NC_036582.1,ERR1395505,Birds,soil,0.999999999,4.734692362,soil,ERR1395505
NC_007647.1,ERR1395509,Human_and_other_vertebrates,soil,2,4.448882124,soil,ERR1395509
NC_007647.1,ERR1656439,Human_and_other_vertebrates,soil,1,0.070329971,soil,ERR1656439
NC_008724.1,ERR1656439,Human_and_other_vertebrates,soil,2,0.070329971,soil,ERR1656439
NC_007647.1,ERR1656440,Human_and_other_vertebrates,soil,2,0.048072703,soil,ERR1656440
NC_008724.1,ERR1656440,Human_and_other_vertebrates,soil,2,0.048072703,soil,ERR1656440
NC_038494.1,ERR1656440,Human_and_other_vertebrates,soil,2,0.048072703,soil,ERR1656440
NC_040344.1,ERR1656441,Birds,soil,1,0.047514684,soil,ERR1656441
NC_035477.1,ERR1656442,Ungulata,soil,2,0.025258801,soil,ERR1656442
NC_007647.1,ERR1656445,Human_and_other_vertebrates,soil,2,0.014987258,soil,ERR1656445
AC_000007.1,ERR1656447,Human,soil,2,0.038813248,soil,ERR1656447
AC_000017.1,ERR1656448,Human,soil,2,0.01943453,soil,ERR1656448
AC_000007.1,ERR1697133,Human,soil,3,0.983509698,soil,ERR1697133
AC_000017.1,ERR1697133,Human,soil,10,0.983509698,soil,ERR1697133
NC_038520.1,ERR1697133,Others,soil,6,0.983509698,soil,ERR1697133
AC_000007.1,ERR1697134,Human,soil,1.000000001,0.573248079,soil,ERR1697134
AC_000017.1,ERR1697134,Human,soil,3.000000002,0.573248079,soil,ERR1697134
NC_038520.1,ERR1697134,Others,soil,4.000000003,0.573248079,soil,ERR1697134
AC_000007.1,ERR1697135,Human,soil,4,0.805375743,soil,ERR1697135
NC_038520.1,ERR1697135,Others,soil,8,0.805375743,soil,ERR1697135
AC_000007.1,ERR1697136,Human,soil,1.000000001,0.406407885,soil,ERR1697136
NC_038520.1,ERR1697136,Others,soil,6,0.406407885,soil,ERR1697136
AC_000007.1,ERR1697137,Human,soil,6,1.016537737,soil,ERR1697137
AC_000017.1,ERR1697137,Human,soil,3,1.016537737,soil,ERR1697137
AC_000008.1,ERR1697138,Human_and_other_vertebrates,soil,1,0.71756044,soil,ERR1697138
AC_000017.1,ERR1697138,Human,soil,2,0.71756044,soil,ERR1697138
AC_000007.1,ERR1697139,Human,soil,3,1.008999085,soil,ERR1697139
AC_000017.1,ERR1697139,Human,soil,5,1.008999085,soil,ERR1697139
NC_006273.2,ERR1697139,Human_and_other_vertebrates,soil,1,1.008999085,soil,ERR1697139
AC_000007.1,ERR1697140,Human,soil,2.000000002,0.520712377,soil,ERR1697140
AC_000008.1,ERR1697140,Human_and_other_vertebrates,soil,1.000000001,0.520712377,soil,ERR1697140
AC_000017.1,ERR1697140,Human,soil,2.000000002,0.520712377,soil,ERR1697140
AC_000007.1,ERR1697141,Human,soil,6,0.943869432,soil,ERR1697141
AC_000008.1,ERR1697141,Human_and_other_vertebrates,soil,1,0.943869432,soil,ERR1697141
AC_000017.1,ERR1697141,Human,soil,2,0.943869432,soil,ERR1697141
AC_000007.1,ERR1697142,Human,soil,3.000000002,0.538576681,soil,ERR1697142
NC_038520.1,ERR1697142,Others,soil,2.000000002,0.538576681,soil,ERR1697142
AC_000007.1,ERR1697143,Human,soil,2.000000001,0.743939405,soil,ERR1697143
AC_000008.1,ERR1697143,Human_and_other_vertebrates,soil,1.000000001,0.743939405,soil,ERR1697143
AC_000017.1,ERR1697143,Human,soil,1.000000001,0.743939405,soil,ERR1697143
AC_000007.1,ERR1697144,Human,soil,1.000000001,0.410292146,soil,ERR1697144
NC_038520.1,ERR1697144,Others,soil,2.000000002,0.410292146,soil,ERR1697144
AC_000007.1,ERR1697145,Human,soil,5.000000004,0.550094781,soil,ERR1697145
AC_000008.1,ERR1697145,Human_and_other_vertebrates,soil,1.000000001,0.550094781,soil,ERR1697145
AC_000017.1,ERR1697145,Human,soil,1.000000001,0.550094781,soil,ERR1697145
AC_000007.1,ERR1697146,Human,soil,3.000000003,0.436106218,soil,ERR1697146
AC_000008.1,ERR1697146,Human_and_other_vertebrates,soil,1.000000001,0.436106218,soil,ERR1697146
AC_000007.1,ERR1697147,Human,soil,5,0.605791599,soil,ERR1697147
AC_000017.1,ERR1697147,Human,soil,1,0.605791599,soil,ERR1697147
NC_038520.1,ERR1697147,Others,soil,1,0.605791599,soil,ERR1697147
AC_000007.1,ERR1697148,Human,soil,1.000000001,0.338103452,soil,ERR1697148
AC_000017.1,ERR1697148,Human,soil,1.000000001,0.338103452,soil,ERR1697148
AC_000007.1,ERR1697149,Human,soil,1,1.264310468,soil,ERR1697149
AC_000008.1,ERR1697149,Human_and_other_vertebrates,soil,1,1.264310468,soil,ERR1697149
AC_000017.1,ERR1697149,Human,soil,3,1.264310468,soil,ERR1697149
NC_038308.1,ERR1697149,Human,soil,1,1.264310468,soil,ERR1697149
AC_000007.1,ERR1697150,Human,soil,1,0.879045644,soil,ERR1697150
AC_000017.1,ERR1697150,Human,soil,2,0.879045644,soil,ERR1697150
NC_001669.1,ERR1697150,Non_human_primates,soil,1,0.879045644,soil,ERR1697150
AC_000007.1,ERR1697151,Human,soil,3,1.207271804,soil,ERR1697151
AC_000017.1,ERR1697151,Human,soil,1,1.207271804,soil,ERR1697151
AC_000007.1,ERR1697152,Human,soil,1,0.706494585,soil,ERR1697152
AC_000007.1,ERR1697153,Human,soil,3,1.629498984,soil,ERR1697153
AC_000017.1,ERR1697153,Human,soil,5.999999999,1.629498984,soil,ERR1697153
NC_006273.2,ERR1697153,Human_and_other_vertebrates,soil,1,1.629498984,soil,ERR1697153
AC_000007.1,ERR1697154,Human,soil,1,0.998472516,soil,ERR1697154
AC_000017.1,ERR1697154,Human,soil,4,0.998472516,soil,ERR1697154
AC_000007.1,ERR1697155,Human,soil,4,1.348838146,soil,ERR1697155
AC_000007.1,ERR1697156,Human,soil,2.000000001,0.854759743,soil,ERR1697156
AC_000017.1,ERR1697156,Human,soil,1,0.854759743,soil,ERR1697156
AC_000007.1,ERR1697157,Human,soil,2,0.850798272,soil,ERR1697157
AC_000008.1,ERR1697157,Human_and_other_vertebrates,soil,2,0.850798272,soil,ERR1697157
AC_000017.1,ERR1697157,Human,soil,3,0.850798272,soil,ERR1697157
AC_000007.1,ERR1697158,Human,soil,2.000000001,0.58893617,soil,ERR1697158
AC_000017.1,ERR1697158,Human,soil,4.000000003,0.58893617,soil,ERR1697158
AC_000007.1,ERR1697159,Human,soil,4,0.782421251,soil,ERR1697159
AC_000017.1,ERR1697159,Human,soil,6,0.782421251,soil,ERR1697159
AC_000007.1,ERR1697160,Human,soil,4,0.554331927,soil,ERR1697160
AC_000008.1,ERR1697160,Human_and_other_vertebrates,soil,5,0.554331927,soil,ERR1697160
AC_000017.1,ERR1697160,Human,soil,5.999999998,0.554331927,soil,ERR1697160
AC_000007.1,ERR1697161,Human,soil,47,1.041517624,soil,ERR1697161
AC_000008.1,ERR1697161,Human_and_other_vertebrates,soil,3,1.041517624,soil,ERR1697161
AC_000017.1,ERR1697161,Human,soil,61,1.041517624,soil,ERR1697161
NC_038520.1,ERR1697161,Others,soil,1,1.041517624,soil,ERR1697161
AC_000007.1,ERR1697162,Human,soil,44.00000002,0.779734926,soil,ERR1697162
AC_000008.1,ERR1697162,Human_and_other_vertebrates,soil,9,0.779734926,soil,ERR1697162
AC_000017.1,ERR1697162,Human,soil,45.00000002,0.779734926,soil,ERR1697162
AC_000007.1,ERR1697163,Human,soil,50,1.068957174,soil,ERR1697163
AC_000008.1,ERR1697163,Human_and_other_vertebrates,soil,4,1.068957174,soil,ERR1697163
AC_000017.1,ERR1697163,Human,soil,62,1.068957174,soil,ERR1697163
NC_038520.1,ERR1697163,Others,soil,1,1.068957174,soil,ERR1697163
AC_000007.1,ERR1697164,Human,soil,30.00000002,0.664391176,soil,ERR1697164
AC_000008.1,ERR1697164,Human_and_other_vertebrates,soil,7.000000002,0.664391176,soil,ERR1697164
AC_000017.1,ERR1697164,Human,soil,33.00000002,0.664391176,soil,ERR1697164
NC_038520.1,ERR1697164,Others,soil,2.000000001,0.664391176,soil,ERR1697164
AC_000007.1,ERR1697165,Human,soil,1.000000001,0.539833395,soil,ERR1697165
AC_000007.1,ERR1697166,Human,soil,1,0.399710864,soil,ERR1697166
AC_000008.1,ERR1697166,Human_and_other_vertebrates,soil,1,0.399710864,soil,ERR1697166
AC_000017.1,ERR1697166,Human,soil,1,0.399710864,soil,ERR1697166
AC_000007.1,ERR1697167,Human,soil,3.000000003,0.554193106,soil,ERR1697167
AC_000017.1,ERR1697167,Human,soil,3.000000003,0.554193106,soil,ERR1697167
AC_000007.1,ERR1697168,Human,soil,2.000000003,0.310231678,soil,ERR1697168
AC_000017.1,ERR1697168,Human,soil,3,0.310231678,soil,ERR1697168
AC_000008.1,ERR1697170,Human_and_other_vertebrates,soil,1,1.306351278,soil,ERR1697170
AC_000017.1,ERR1697171,Human,soil,2,1.784288473,soil,ERR1697171
AC_000007.1,ERR1697173,Human,soil,2,1.514383553,soil,ERR1697173
AC_000007.1,ERR1697174,Human,soil,6,1.299093215,soil,ERR1697174
AC_000017.1,ERR1697174,Human,soil,2,1.299093215,soil,ERR1697174
AC_000007.1,ERR1697175,Human,soil,2.000000001,1.763255007,soil,ERR1697175
AC_000017.1,ERR1697175,Human,soil,3,1.763255007,soil,ERR1697175
AC_000007.1,ERR1697176,Human,soil,3,1.133180747,soil,ERR1697176
AC_000017.1,ERR1697176,Human,soil,4,1.133180747,soil,ERR1697176
AC_000007.1,ERR1697177,Human,soil,19,2.07157312,soil,ERR1697177
AC_000008.1,ERR1697177,Human_and_other_vertebrates,soil,1,2.07157312,soil,ERR1697177
AC_000017.1,ERR1697177,Human,soil,21,2.07157312,soil,ERR1697177
NC_001669.1,ERR1697177,Non_human_primates,soil,1,2.07157312,soil,ERR1697177
AC_000007.1,ERR1697178,Human,soil,17,1.287070387,soil,ERR1697178
AC_000017.1,ERR1697178,Human,soil,9,1.287070387,soil,ERR1697178
NC_001669.1,ERR1697178,Non_human_primates,soil,1.000000001,1.287070387,soil,ERR1697178
AC_000007.1,ERR1697179,Human,soil,17,1.733642577,soil,ERR1697179
AC_000008.1,ERR1697179,Human_and_other_vertebrates,soil,2.999999999,1.733642577,soil,ERR1697179
AC_000017.1,ERR1697179,Human,soil,14,1.733642577,soil,ERR1697179
NC_001669.1,ERR1697179,Non_human_primates,soil,0.999999999,1.733642577,soil,ERR1697179
AC_000007.1,ERR1697180,Human,soil,16,1.084761271,soil,ERR1697180
AC_000017.1,ERR1697180,Human,soil,11,1.084761271,soil,ERR1697180
NC_001357.1,ERR2004617,Human,soil,1.000000001,2.653048149,soil,ERR2004617
NC_001669.1,ERR2004618,Non_human_primates,soil,177.0000001,0.528321683,soil,ERR2004618
NC_003266.2,ERR2004618,Human_and_other_vertebrates,soil,4.000000004,0.528321683,soil,ERR2004618
NC_006273.2,ERR2004618,Human_and_other_vertebrates,soil,207.0000002,0.528321683,soil,ERR2004618
NC_010277.2,ERR2004618,Human,soil,3.000000003,0.528321683,soil,ERR2004618
NC_001669.1,ERR2004620,Non_human_primates,soil,107.0000001,0.842103521,soil,ERR2004620
NC_006273.2,ERR2004620,Human_and_other_vertebrates,soil,3.000000002,0.842103521,soil,ERR2004620
NC_001806.2,ERR2004621,Human_and_other_vertebrates,soil,28,1.123412186,soil,ERR2004621
NC_003266.2,ERR2004621,Human_and_other_vertebrates,soil,2,1.123412186,soil,ERR2004621
NC_001669.1,ERR2004623,Non_human_primates,soil,19,1.390846339,soil,ERR2004623
NC_006273.2,ERR2004623,Human_and_other_vertebrates,soil,13,1.390846339,soil,ERR2004623
NC_025791.1,ERR2004623,Others,soil,1,1.390846339,soil,ERR2004623
NC_038393.1,ERR2004623,Others,soil,27,1.390846339,soil,ERR2004623
NC_038406.1,ERR2004623,Birds,soil,1,1.390846339,soil,ERR2004623
NC_038418.1,ERR2004623,Human,soil,1,1.390846339,soil,ERR2004623
NC_003266.2,ERR2004624,Human_and_other_vertebrates,soil,1,1.484073224,soil,ERR2004624
NC_003266.2,ERR2004625,Human_and_other_vertebrates,soil,1.000000001,0.556947473,soil,ERR2004625
NC_024909.1,ERR2004625,Human_and_other_vertebrates,soil,1.000000001,0.556947473,soil,ERR2004625
NC_026162.1,ERR2004625,Human_and_other_vertebrates,soil,1.000000001,0.556947473,soil,ERR2004625
NC_032422.1,ERR2004625,Human_and_other_vertebrates,soil,2.000000002,0.556947473,soil,ERR2004625
AC_000008.1,ERR2004626,Human_and_other_vertebrates,soil,1,0.80165881,soil,ERR2004626
NC_024690.1,ERR2004626,Ungulata,soil,22,0.80165881,soil,ERR2004626
NC_024909.1,ERR2004626,Human_and_other_vertebrates,soil,98,0.80165881,soil,ERR2004626
NC_021312.1,ERR2004629,Birds,soil,3.000000001,1.431691383,soil,ERR2004629
NC_002665.1,ERR2004630,Ungulata,soil,1,0.880594344,soil,ERR2004630
NC_001457.1,ERR2017127,Human,soil,3,5.34608754,soil,ERR2017127
NC_001457.1,ERR2017131,Human,soil,3.999999999,3.853467152,soil,ERR2017131
NC_006273.2,ERR2017131,Human_and_other_vertebrates,soil,1.000000001,3.853467152,soil,ERR2017131
NC_001457.1,ERR2017132,Human,soil,1.999999999,4.760720065,soil,ERR2017132
NC_001457.1,ERR2017133,Human,soil,1.000000002,4.400160863,soil,ERR2017133
NC_001368.1,ERR2061842,Human,soil,1,0.108551946,soil,ERR2061842
NC_029052.1,ERR2061842,Birds,soil,3,0.108551946,soil,ERR2061842
NC_001368.1,ERR2061845,Human,soil,1,0.117850096,soil,ERR2061845
NC_001368.1,ERR2061846,Human,soil,1,0.105849124,soil,ERR2061846
AC_000017.1,ERR2562186,Human,soil,0.999999999,2.672249643,soil,ERR2562186
NC_008724.1,ERR2562186,Human_and_other_vertebrates,soil,0.999999999,2.672249643,soil,ERR2562186
NC_028474.1,ERR2562186,Ungulata,soil,0.999999999,2.672249643,soil,ERR2562186
NC_007919.3,ERR2562188,Ungulata,soil,1,2.395339416,soil,ERR2562188
NC_029052.1,ERR2562190,Birds,soil,1.999999999,2.868953189,soil,ERR2562190
NC_028474.1,ERR2562193,Ungulata,soil,1,1.530762384,soil,ERR2562193
NC_038495.1,ERR2562193,Others,soil,1.999999999,1.530762384,soil,ERR2562193
NC_038524.1,ERR2562194,Human,soil,1.000000001,3.185880476,soil,ERR2562194
NC_036582.1,ERR2562195,Birds,soil,1,2.141059716,soil,ERR2562195
AC_000007.1,ERR2562196,Human,soil,1,3.740202624,soil,ERR2562196
NC_001457.1,ERR2562197,Human,soil,1,2.642616781,soil,ERR2562197
NC_006273.2,ERR2677811,Human_and_other_vertebrates,soil,1,0.220033465,soil,ERR2677811
NC_022798.1,ERR2677811,Ungulata,soil,1,0.220033465,soil,ERR2677811
NC_040639.1,ERR2677811,Birds,soil,1,0.220033465,soil,ERR2677811
NC_030147.1,ERR2677812,Others,soil,1,0.184087775,soil,ERR2677812
NC_005946.1,ERR3412978,Others,soil,1,1.686687945,soil,ERR3412978
NC_029052.1,MT_S04,Birds,soil,87.99999998,5.166029091,soil,MT_S04
NC_032426.1,MT_S04,Others,soil,0.999999999,5.166029091,soil,MT_S04
NC_029052.1,MT_S05,Birds,soil,0.999999999,5.077529064,soil,MT_S05
NC_001357.1,MT_S06,Human,soil,2.000000001,5.540893093,soil,MT_S06
NC_002665.1,MT_S06,Ungulata,soil,1,5.540893093,soil,MT_S06
NC_003678.1,MT_S06,Ungulata,soil,1,5.540893093,soil,MT_S06
NC_032426.1,MT_S06,Others,soil,69.99999997,5.540893093,soil,MT_S06
NC_036582.1,MT_S06,Birds,soil,1,5.540893093,soil,MT_S06
NC_001357.1,MT_S07,Human,soil,5.000000002,5.367929875,soil,MT_S07
NC_032426.1,MT_S07,Others,soil,124,5.367929875,soil,MT_S07
NC_001357.1,MT_S08,Human,soil,1.999999999,5.933966702,soil,MT_S08
NC_032426.1,MT_S08,Others,soil,72.99999998,5.933966702,soil,MT_S08
NC_029052.1,MT_S09,Birds,soil,63,6.478774957,soil,MT_S09
NC_001357.1,MT_S11,Human,soil,1.000000001,4.829397158,soil,MT_S11
NC_029052.1,MT_S11,Birds,soil,53,4.829397158,soil,MT_S11
NC_001357.1,MT_S12,Human,soil,4,4.958063964,soil,MT_S12
NC_001357.1,MT_S13,Human,soil,0.999999998,4.989887532,soil,MT_S13
NC_029052.1,MT_S13,Birds,soil,8.999999998,4.989887532,soil,MT_S13
NC_032426.1,MT_S13,Others,soil,25,4.989887532,soil,MT_S13
NC_001357.1,MT_S16,Human,soil,2.000000001,5.240492395,soil,MT_S16
NC_029052.1,MT_S21,Birds,soil,4.999999999,5.433669048,soil,MT_S21
NC_028474.1,MT_S26,Ungulata,soil,1,6.278888303,soil,MT_S26
NC_028474.1,MT_S27,Ungulata,soil,1.999999998,8.25521856,soil,MT_S27
NC_032426.1,MT_S28,Others,soil,25,5.073491383,soil,MT_S28
NC_007647.1,MT_S32,Human_and_other_vertebrates,soil,5.000000001,5.437831992,soil,MT_S32
NC_007647.1,MT_S33,Human_and_other_vertebrates,soil,42,5.758930108,soil,MT_S33
NC_007647.1,MT_S36,Human_and_other_vertebrates,soil,20,4.941472717,soil,MT_S36
NC_007647.1,MT_S39,Human_and_other_vertebrates,soil,309,5.057116295,soil,MT_S39
NC_007647.1,MT_S41,Human_and_other_vertebrates,soil,282,5.432794842,soil,MT_S41
NC_007647.1,MT_S42,Human_and_other_vertebrates,soil,4.000000002,5.016870383,soil,MT_S42
NC_032426.1,MT_S42,Others,soil,9,5.016870383,soil,MT_S42
NC_007647.1,MT_S43,Human_and_other_vertebrates,soil,1,5.675195293,soil,MT_S43
NC_029052.1,MT_S46,Birds,soil,21,6.063721139,soil,MT_S46
NC_029052.1,MT_S48,Birds,soil,4.999999999,6.361694333,soil,MT_S48
NC_036582.1,MT_S48,Birds,soil,1,6.361694333,soil,MT_S48
NC_029052.1,MT_S51,Birds,soil,26,5.894527455,soil,MT_S51
NC_029052.1,MT_S52,Birds,soil,37,5.490207452,soil,MT_S52
NC_029052.1,MT_S53,Birds,soil,0.999999999,4.571741116,soil,MT_S53
NC_035460.1,MT_S58,Human_and_other_vertebrates,soil,1.000000001,4.370199634,soil,MT_S58
NC_026161.1,SRR10617562,Birds,soil,1.000000001,0.422087785,soil,SRR10617562
NC_026817.1,SRR10617562,Human,soil,2.000000002,0.422087785,soil,SRR10617562
NC_038495.1,SRR10617562,Others,soil,3.000000003,0.422087785,soil,SRR10617562
NC_026161.1,SRR10617563,Birds,soil,1.000000001,1.593713632,soil,SRR10617563
NC_026817.1,SRR10617563,Human,soil,1.999999999,1.593713632,soil,SRR10617563
NC_038495.1,SRR10617563,Others,soil,11,1.593713632,soil,SRR10617563
NC_001669.1,SRR10617564,Non_human_primates,soil,3.000000003,0.510922932,soil,SRR10617564
NC_002210.1,SRR10617564,Human_and_other_vertebrates,soil,6,0.510922932,soil,SRR10617564
NC_006273.2,SRR10617564,Human_and_other_vertebrates,soil,5,0.510922932,soil,SRR10617564
NC_008724.1,SRR10617564,Human_and_other_vertebrates,soil,3.000000003,0.510922932,soil,SRR10617564
NC_025731.1,SRR10617564,Birds,soil,6,0.510922932,soil,SRR10617564
NC_038495.1,SRR10617564,Others,soil,15.00000001,0.510922932,soil,SRR10617564
NC_002210.1,SRR10617565,Human_and_other_vertebrates,soil,1,0.549395185,soil,SRR10617565
NC_026161.1,SRR10617565,Birds,soil,19,0.549395185,soil,SRR10617565
NC_038495.1,SRR10617565,Others,soil,49,0.549395185,soil,SRR10617565
NC_025731.1,SRR10617566,Birds,soil,1.000000001,0.899286812,soil,SRR10617566
NC_026161.1,SRR10617566,Birds,soil,2.000000001,0.899286812,soil,SRR10617566
NC_026817.1,SRR10617566,Human,soil,2.000000001,0.899286812,soil,SRR10617566
NC_030145.1,SRR10617566,Ungulata,soil,2.000000001,0.899286812,soil,SRR10617566
NC_035477.1,SRR10617566,Ungulata,soil,1.000000001,0.899286812,soil,SRR10617566
NC_038495.1,SRR10617566,Others,soil,8.000000004,0.899286812,soil,SRR10617566
NC_026161.1,SRR10617569,Birds,soil,2.000000003,0.276208364,soil,SRR10617569
NC_026817.1,SRR10617569,Human,soil,3,0.276208364,soil,SRR10617569
NC_030145.1,SRR10617569,Ungulata,soil,1.000000002,0.276208364,soil,SRR10617569
NC_038495.1,SRR10617569,Others,soil,3,0.276208364,soil,SRR10617569
NC_028363.1,SRR10854864,Others,soil,0.999999997,7.616860959,soil,SRR10854864
NC_029052.1,SRR10854864,Birds,soil,2.999999997,7.616860959,soil,SRR10854864
NC_032730.1,SRR10854864,Others,soil,0.999999997,7.616860959,soil,SRR10854864
NC_025219.1,SRR10904363,Others,soil,2,1.57485993,soil,SRR10904363
NC_039211.1,SRR10904363,Others,soil,0.999999999,1.57485993,soil,SRR10904363
NC_025219.1,SRR10904364,Others,soil,5.000000003,7.662926503,soil,SRR10904364
NC_025219.1,SRR10904365,Others,soil,6.000000001,4.199420741,soil,SRR10904365
AC_000007.1,SRR10916359,Human,soil,60,9.805561877,soil,SRR10916359
AC_000008.1,SRR10916359,Human_and_other_vertebrates,soil,6,9.805561877,soil,SRR10916359
AC_000017.1,SRR10916359,Human,soil,47,9.805561877,soil,SRR10916359
NC_003678.1,SRR10916359,Ungulata,soil,0.999999999,9.805561877,soil,SRR10916359
NC_007367.1,SRR10916359,Human_and_other_vertebrates,soil,17,9.805561877,soil,SRR10916359
NC_007377.1,SRR10916359,Human_and_other_vertebrates,soil,0.999999999,9.805561877,soil,SRR10916359
NC_038520.1,SRR10916359,Others,soil,0.999999999,9.805561877,soil,SRR10916359
NC_005309.1,SRR10918875,Birds,soil,0.999999996,10.47707032,soil,SRR10918875
NC_005337.1,SRR10918875,Human_and_other_vertebrates,soil,0.999999996,10.47707032,soil,SRR10918875
NC_036582.1,SRR10918875,Birds,soil,108,10.47707032,soil,SRR10918875
NC_021312.1,SRR10918901,Birds,soil,0.999999997,10.96177924,soil,SRR10918901
NC_029132.1,SRR10918901,Others,soil,26,10.96177924,soil,SRR10918901
NC_036582.1,SRR10918901,Birds,soil,0.999999997,10.96177924,soil,SRR10918901
NC_036582.1,SRR10919453,Birds,soil,4,11.61309031,soil,SRR10919453
NC_008724.1,SRR10919503,Human_and_other_vertebrates,soil,2,10.06688379,soil,SRR10919503
NC_036582.1,SRR10919510,Birds,soil,39,11.26039855,soil,SRR10919510
NC_005309.1,SRR10920230,Birds,soil,1.000000003,11.4763174,soil,SRR10920230
NC_024303.1,SRR10920230,Ungulata,soil,2,11.4763174,soil,SRR10920230
NC_036582.1,SRR10920230,Birds,soil,14,11.4763174,soil,SRR10920230
NC_005309.1,SRR10920916,Birds,soil,0.999999995,12.02907547,soil,SRR10920916
NC_036582.1,SRR10920916,Birds,soil,7.999999996,12.02907547,soil,SRR10920916
NC_008724.1,SRR10920923,Human_and_other_vertebrates,soil,1,10.94186866,soil,SRR10920923
NC_036582.1,SRR10920923,Birds,soil,1.999999998,10.94186866,soil,SRR10920923
NC_008724.1,SRR10933884,Human_and_other_vertebrates,soil,2,11.8756161,soil,SRR10933884
NC_014406.1,SRR10934429,Human,soil,48,7.554842608,soil,SRR10934429
NC_036582.1,SRR10934429,Birds,soil,4.999999997,7.554842608,soil,SRR10934429
NC_001591.1,SRR10938830,Human,soil,5.999999999,3.62971073,soil,SRR10938830
NC_010277.2,SRR10938830,Human,soil,1.999999998,3.62971073,soil,SRR10938830
NC_033781.1,SRR10938830,Human,soil,0.999999999,3.62971073,soil,SRR10938830
NC_034266.1,SRR10938830,Birds,soil,0.999999999,3.62971073,soil,SRR10938830
NC_001591.1,SRR10938831,Human,soil,3,3.798826872,soil,SRR10938831
NC_001691.1,SRR10938831,Human,soil,0.999999999,3.798826872,soil,SRR10938831
NC_033781.1,SRR10938831,Human,soil,0.999999999,3.798826872,soil,SRR10938831
NC_001591.1,SRR10938833,Human,soil,5,3.720774208,soil,SRR10938833
NC_006494.1,SRR10938835,Human_and_other_vertebrates,soil,24,4.169446677,soil,SRR10938835
NC_006494.1,SRR10938836,Human_and_other_vertebrates,soil,16,3.73799698,soil,SRR10938836
NC_006995.1,SRR10938836,Ungulata,soil,1.000000002,3.73799698,soil,SRR10938836
NC_007647.1,SRR10938836,Human_and_other_vertebrates,soil,1.000000002,3.73799698,soil,SRR10938836
NC_001591.1,SRR10938837,Human,soil,3,3.374174669,soil,SRR10938837
NC_006494.1,SRR10938837,Human_and_other_vertebrates,soil,1,3.374174669,soil,SRR10938837
NC_008724.1,SRR10938837,Human_and_other_vertebrates,soil,1,3.374174669,soil,SRR10938837
NC_033781.1,SRR10938837,Human,soil,1,3.374174669,soil,SRR10938837
NC_034266.1,SRR10938837,Birds,soil,1,3.374174669,soil,SRR10938837
NC_001591.1,SRR10938838,Human,soil,0.999999999,3.663329883,soil,SRR10938838
NC_033781.1,SRR10938838,Human,soil,0.999999999,3.663329883,soil,SRR10938838
NC_026818.1,SRR10938839,Human,soil,1.000000002,3.680371761,soil,SRR10938839
NC_001591.1,SRR10938840,Human,soil,2.000000001,3.911766832,soil,SRR10938840
NC_002665.1,SRR10938840,Ungulata,soil,2.999999998,3.911766832,soil,SRR10938840
NC_034266.1,SRR10938840,Birds,soil,1.000000001,3.911766832,soil,SRR10938840
NC_001591.1,SRR10938841,Human,soil,1.999999999,3.528502222,soil,SRR10938841
NC_001591.1,SRR10938842,Human,soil,3,3.729366706,soil,SRR10938842
NC_008724.1,SRR10946717,Human_and_other_vertebrates,soil,5.999999995,12.16616474,soil,SRR10946717
NC_001669.1,SRR10946722,Non_human_primates,soil,5.999999998,12.47702576,soil,SRR10946722
NC_008724.1,SRR10946722,Human_and_other_vertebrates,soil,4,12.47702576,soil,SRR10946722
NC_036582.1,SRR10946722,Birds,soil,2.000000003,12.47702576,soil,SRR10946722
NC_008724.1,SRR10947791,Human_and_other_vertebrates,soil,3.999999996,13.30283582,soil,SRR10947791
NC_036582.1,SRR10953191,Birds,soil,362,10.6679485,soil,SRR10953191
NC_028921.1,SRR11563379,Ungulata,soil,1.999999999,1.794919994,soil,SRR11563379
NC_008191.1,SRR11563839,Others,soil,1,1.533461386,soil,SRR11563839
NC_008724.1,SRR11563874,Human_and_other_vertebrates,soil,2,1.584352077,soil,SRR11563874
NC_036582.1,SRR11563874,Birds,soil,1,1.584352077,soil,SRR11563874
NC_008191.1,SRR11563893,Others,soil,10,0.794383965,soil,SRR11563893
NC_008724.1,SRR11564268,Human_and_other_vertebrates,soil,1.000000001,5.626831446,soil,SRR11564268
NC_028474.1,SRR11564271,Ungulata,soil,1.000000001,5.001804031,soil,SRR11564271
NC_003045.1,SRR11565175,Ungulata,soil,1,11.82903286,soil,SRR11565175
NC_036582.1,SRR11565178,Birds,soil,0.999999999,2.864964732,soil,SRR11565178
NC_028494.1,SRR11565180,Birds,soil,1,1.357782604,soil,SRR11565180
NC_008191.1,SRR11565435,Others,soil,2,11.56596012,soil,SRR11565435
NC_028474.1,SRR11565435,Ungulata,soil,2,11.56596012,soil,SRR11565435
NC_008191.1,SRR11565437,Others,soil,1,5.456994535,soil,SRR11565437
NC_008191.1,SRR11565438,Others,soil,88,5.376785943,soil,SRR11565438
NC_001650.2,SRR11565824,Ungulata,soil,1,8.681616041,soil,SRR11565824
NC_028474.1,SRR11565824,Ungulata,soil,2,8.681616041,soil,SRR11565824
NC_006559.1,SRR11622286,Ungulata,soil,2.999999999,4.276707483,soil,SRR11622286
NC_006559.1,SRR11622354,Ungulata,soil,3,7.847612611,soil,SRR11622354
NC_007647.1,SRR11622354,Human_and_other_vertebrates,soil,40,7.847612611,soil,SRR11622354
NC_029052.1,SRR11622354,Birds,soil,5.000000001,7.847612611,soil,SRR11622354
NC_029052.1,SRR11622356,Birds,soil,1.999999996,7.790097066,soil,SRR11622356
NC_029088.1,SRR11622356,Non_human_primates,soil,212,7.790097066,soil,SRR11622356
NC_006559.1,SRR11622450,Ungulata,soil,2,3.906189935,soil,SRR11622450
NC_029052.1,SRR11622450,Birds,soil,111,3.906189935,soil,SRR11622450
NC_029052.1,SRR11622633,Birds,soil,1.999999999,2.880580581,soil,SRR11622633
NC_040379.1,SRR11622633,Birds,soil,1.000000001,2.880580581,soil,SRR11622633
NC_029052.1,SRR11622660,Birds,soil,0.999999999,11.47416845,soil,SRR11622660
NC_029052.1,SRR11622682,Birds,soil,2.000000001,13.71320832,soil,SRR11622682
NC_006559.1,SRR11622779,Ungulata,soil,4.000000003,5.673095929,soil,SRR11622779
NC_029052.1,SRR11622779,Birds,soil,11,5.673095929,soil,SRR11622779
NC_000898.1,SRR11622780,Human,soil,1.000000001,5.541830785,soil,SRR11622780
NC_006559.1,SRR11622780,Ungulata,soil,287,5.541830785,soil,SRR11622780
NC_029052.1,SRR11622780,Birds,soil,77.99999999,5.541830785,soil,SRR11622780
NC_006559.1,SRR11623485,Ungulata,soil,1.000000001,4.444263302,soil,SRR11623485
NC_029052.1,SRR11623485,Birds,soil,54,4.444263302,soil,SRR11623485
NC_007647.1,SRR11678312,Human_and_other_vertebrates,soil,8.999999999,1.283195727,soil,SRR11678312
NC_028474.1,SRR11678312,Ungulata,soil,4,1.283195727,soil,SRR11678312
NC_028474.1,SRR11678313,Ungulata,soil,1.000000001,1.504638651,soil,SRR11678313
NC_007647.1,SRR11678562,Human_and_other_vertebrates,soil,1,2.098063544,soil,SRR11678562
NC_006273.2,SRR11679700,Human_and_other_vertebrates,soil,1.000000004,8.807458295,soil,SRR11679700
NC_017083.1,SRR11679817,Others,soil,2,4.335360466,soil,SRR11679817
NC_000898.1,SRR11829677,Human,soil,2.000000002,16.38276564,soil,SRR11829677
NC_001457.1,SRR11829677,Human,soil,1.000000001,16.38276564,soil,SRR11829677
NC_001806.2,SRR11829679,Human_and_other_vertebrates,soil,0.999999996,16.57426561,soil,SRR11829679
NC_008724.1,SRR11829679,Human_and_other_vertebrates,soil,0.999999996,16.57426561,soil,SRR11829679
NC_008724.1,SRR11829739,Human_and_other_vertebrates,soil,1,15.68455266,soil,SRR11829739
NC_010277.2,SRR11829739,Human,soil,1,15.68455266,soil,SRR11829739
NC_030146.1,SRR12009740,Ungulata,soil,5,4.807820626,soil,SRR12009740
NC_036582.1,SRR12009740,Birds,soil,1.000000002,4.807820626,soil,SRR12009740
NC_025732.1,SRR12009741,Birds,soil,1.999999998,4.320583732,soil,SRR12009741
NC_030143.1,SRR12009741,Ungulata,soil,1.999999998,4.320583732,soil,SRR12009741
NC_030145.1,SRR12009741,Ungulata,soil,3.000000002,4.320583732,soil,SRR12009741
NC_001560.1,SRR12284397,Human_and_other_vertebrates,soil,1.000000002,5.212400892,soil,SRR12284397
NC_001669.1,SRR12284397,Non_human_primates,soil,1.000000002,5.212400892,soil,SRR12284397
NC_006273.2,SRR12284397,Human_and_other_vertebrates,soil,3.000000002,5.212400892,soil,SRR12284397
NC_006430.1,SRR12284397,Human_and_other_vertebrates,soil,69.00000002,5.212400892,soil,SRR12284397
NC_001669.1,SRR12284398,Non_human_primates,soil,1,3.907463314,soil,SRR12284398
NC_006273.2,SRR12284398,Human_and_other_vertebrates,soil,1,3.907463314,soil,SRR12284398
NC_006430.1,SRR12284398,Human_and_other_vertebrates,soil,45.99999999,3.907463314,soil,SRR12284398
NC_004560.1,SRR12334066,Ungulata,soil,7,2.177231641,soil,SRR12334066
NC_039211.1,SRR12334066,Others,soil,5,2.177231641,soil,SRR12334066
NC_004560.1,SRR12334067,Ungulata,soil,7.000000001,4.295501643,soil,SRR12334067
NC_025219.1,SRR12334067,Others,soil,3.000000001,4.295501643,soil,SRR12334067
NC_039211.1,SRR12334067,Others,soil,4.999999999,4.295501643,soil,SRR12334067
NC_040387.1,SRR12334067,Birds,soil,0.999999999,4.295501643,soil,SRR12334067
NC_004560.1,SRR12334071,Ungulata,soil,5,1.883229093,soil,SRR12334071
NC_025219.1,SRR12334071,Others,soil,2.999999999,1.883229093,soil,SRR12334071
NC_004560.1,SRR12334072,Ungulata,soil,6.999999999,2.535811273,soil,SRR12334072
NC_025219.1,SRR12334072,Others,soil,2.000000001,2.535811273,soil,SRR12334072
NC_004560.1,SRR12610547,Ungulata,soil,4,1.589000302,soil,SRR12610547
NC_025219.1,SRR12610547,Others,soil,2.000000001,1.589000302,soil,SRR12610547
NC_004560.1,SRR12610550,Ungulata,soil,9,1.115393372,soil,SRR12610550
NC_039211.1,SRR12610550,Others,soil,2,1.115393372,soil,SRR12610550
NC_004560.1,SRR12610551,Ungulata,soil,27,1.161418648,soil,SRR12610551
NC_004560.1,SRR12610560,Ungulata,soil,1,1.415581525,soil,SRR12610560
NC_004560.1,SRR12610579,Ungulata,soil,2,1.659117227,soil,SRR12610579
NC_025219.1,SRR12610579,Others,soil,1,1.659117227,soil,SRR12610579
NC_006559.1,SRR12658563,Ungulata,soil,84,4.035240489,soil,SRR12658563
NC_006559.1,SRR12658566,Ungulata,soil,15,5.532625602,soil,SRR12658566
NC_006559.1,SRR12658568,Ungulata,soil,72.99999998,5.56014044,soil,SRR12658568
NC_006559.1,SRR12658569,Ungulata,soil,6.000000002,8.429060609,soil,SRR12658569
NC_006494.1,SRR12658570,Human_and_other_vertebrates,soil,2.000000004,8.509886293,soil,SRR12658570
NC_006559.1,SRR12658570,Ungulata,soil,6.000000002,8.509886293,soil,SRR12658570
NC_036582.1,SRR12689925,Birds,soil,1,2.416053357,soil,SRR12689925
NC_036582.1,SRR12689941,Birds,soil,1,1.87368497,soil,SRR12689941
NC_008724.1,SRR12689942,Human_and_other_vertebrates,soil,1,1.736175415,soil,SRR12689942
NC_036582.1,SRR12689987,Birds,soil,1,1.82315305,soil,SRR12689987
NC_038520.1,SRR12756242,Others,soil,0.999999999,3.26875705,soil,SRR12756242
NC_036582.1,SRR12756243,Birds,soil,0.999999999,2.835899746,soil,SRR12756243
NC_001844.1,SRR12756246,Ungulata,soil,0.999999999,3.518909226,soil,SRR12756246
NC_005309.1,SRR12773040,Birds,soil,1.999999999,6.257132366,soil,SRR12773040
NC_036582.1,SRR12773040,Birds,soil,5.000000002,6.257132366,soil,SRR12773040
NC_036582.1,SRR12773041,Birds,soil,1.999999998,6.952484987,soil,SRR12773041
NC_005309.1,SRR12773042,Birds,soil,0.999999997,9.076839464,soil,SRR12773042
NC_008724.1,SRR12773042,Human_and_other_vertebrates,soil,0.999999997,9.076839464,soil,SRR12773042
NC_028474.1,SRR12773042,Ungulata,soil,3.999999996,9.076839464,soil,SRR12773042
NC_029052.1,SRR12773042,Birds,soil,2.999999999,9.076839464,soil,SRR12773042
NC_035460.1,SRR12773042,Human_and_other_vertebrates,soil,5.000000001,9.076839464,soil,SRR12773042
NC_036582.1,SRR12773042,Birds,soil,2.999999999,9.076839464,soil,SRR12773042
NC_002645.1,SRR12773043,Human_and_other_vertebrates,soil,2.000000003,6.365400949,soil,SRR12773043
NC_036582.1,SRR12773043,Birds,soil,1.000000002,6.365400949,soil,SRR12773043
NC_008724.1,SRR13614407,Human_and_other_vertebrates,soil,0.999999999,2.961556621,soil,SRR13614407
NC_036582.1,SRR13614407,Birds,soil,1.999999999,2.961556621,soil,SRR13614407
NC_008724.1,SRR13614415,Human_and_other_vertebrates,soil,0.999999999,4.262265584,soil,SRR13614415
NC_024120.1,SRR13614415,Birds,soil,6.000000001,4.262265584,soil,SRR13614415
NC_033793.1,SRR13614415,Birds,soil,5.000000002,4.262265584,soil,SRR13614415
NC_001457.1,SRR13614416,Human,soil,0.999999998,4.310656767,soil,SRR13614416
NC_008724.1,SRR13614416,Human_and_other_vertebrates,soil,0.999999998,4.310656767,soil,SRR13614416
NC_033793.1,SRR13614417,Birds,soil,3.000000002,3.686679802,soil,SRR13614417
NC_001457.1,SRR13614418,Human,soil,1.999999998,5.743505892,soil,SRR13614418
NC_008724.1,SRR13614418,Human_and_other_vertebrates,soil,2.999999999,5.743505892,soil,SRR13614418
NC_024120.1,SRR13614418,Birds,soil,1.999999998,5.743505892,soil,SRR13614418
NC_033793.1,SRR13614418,Birds,soil,23,5.743505892,soil,SRR13614418
NC_006966.1,SRR13614419,Ungulata,soil,0.999999999,4.6484229,soil,SRR13614419
AC_000017.1,SRR14483500,Human,soil,1,0.066606975,soil,SRR14483500
AC_000017.1,SRR14483503,Human,soil,1,0.068772129,soil,SRR14483503
AC_000017.1,SRR14483508,Human,soil,1,0.066879335,soil,SRR14483508
AC_000007.1,SRR14483510,Human,soil,1,0.067790893,soil,SRR14483510
AC_000007.1,SRR14483512,Human,soil,1,0.067197492,soil,SRR14483512
NC_006559.1,SRR14483513,Ungulata,soil,1,0.0692126,soil,SRR14483513
NC_006559.1,SRR14483514,Ungulata,soil,1,0.070900934,soil,SRR14483514
NC_006559.1,SRR14483515,Ungulata,soil,2,0.068158472,soil,SRR14483515
AC_000008.1,SRR14483519,Human_and_other_vertebrates,soil,1,0.064867691,soil,SRR14483519
AC_000008.1,SRR14483541,Human_and_other_vertebrates,soil,1,0.064006859,soil,SRR14483541
AC_000007.1,SRR14483549,Human,soil,1,0.067228071,soil,SRR14483549
AC_000008.1,SRR14483549,Human_and_other_vertebrates,soil,1,0.067228071,soil,SRR14483549
AC_000008.1,SRR14483551,Human_and_other_vertebrates,soil,1,0.066087797,soil,SRR14483551
AC_000017.1,SRR14483553,Human,soil,1,0.056934682,soil,SRR14483553
NC_013590.2,SRR14483558,Others,soil,2,0.071195064,soil,SRR14483558
NC_013590.2,SRR14483560,Others,soil,1,0.070195711,soil,SRR14483560
AC_000017.1,SRR14483562,Human,soil,1,0.061807206,soil,SRR14483562
AC_000017.1,SRR14483563,Human,soil,1,0.063931781,soil,SRR14483563
AC_000017.1,SRR14483564,Human,soil,1,0.060894948,soil,SRR14483564
AC_000017.1,SRR14483568,Human,soil,1,0.064156831,soil,SRR14483568
AC_000008.1,SRR14483569,Human_and_other_vertebrates,soil,2,0.066448695,soil,SRR14483569
AC_000007.1,SRR1503359,Human,soil,1,0.903852477,soil,SRR1503359
AC_000017.1,SRR1503359,Human,soil,1,0.903852477,soil,SRR1503359
NC_001479.1,SRR1503359,Human_and_other_vertebrates,soil,10,0.903852477,soil,SRR1503359
NC_001498.1,SRR1503359,Human_and_other_vertebrates,soil,1,0.903852477,soil,SRR1503359
NC_001669.1,SRR1503359,Non_human_primates,soil,15,0.903852477,soil,SRR1503359
NC_001806.2,SRR1503359,Human_and_other_vertebrates,soil,10,0.903852477,soil,SRR1503359
NC_003266.2,SRR1503359,Human_and_other_vertebrates,soil,30,0.903852477,soil,SRR1503359
NC_006273.2,SRR1503359,Human_and_other_vertebrates,soil,12,0.903852477,soil,SRR1503359
NC_038495.1,SRR1503359,Others,soil,1,0.903852477,soil,SRR1503359
NC_039210.1,SRR1503359,Human_and_other_vertebrates,soil,1,0.903852477,soil,SRR1503359
NC_033793.1,SRR1509520,Birds,soil,1.000000002,0.245973962,soil,SRR1509520
NC_033793.1,SRR1509522,Birds,soil,1,0.932666262,soil,SRR1509522
NC_001669.1,SRR1510968,Non_human_primates,soil,1,2.082013818,soil,SRR1510968
NC_001669.1,SRR1510972,Non_human_primates,soil,1,1.346869654,soil,SRR1510972
NC_001716.2,SRR1510977,Human,soil,1,1.609654227,soil,SRR1510977
NC_010277.2,SRR1510986,Human,soil,1,1.837257839,soil,SRR1510986
NC_008724.1,SRR1510987,Human_and_other_vertebrates,soil,1,1.089321904,soil,SRR1510987
NC_001669.1,SRR2029846,Non_human_primates,soil,1.000000001,0.448918341,soil,SRR2029846
NC_030651.1,SRR4021135,Human,soil,1.000000001,2.263840491,soil,SRR4021135
NC_028474.1,SRR4021136,Ungulata,soil,1,3.576571834,soil,SRR4021136
NC_036582.1,SRR4021381,Birds,soil,1.999999999,3.036825274,soil,SRR4021381
AC_000017.1,SRR4021382,Human,soil,1.999999999,2.550366378,soil,SRR4021382
NC_007647.1,SRR4022179,Human_and_other_vertebrates,soil,2.000000001,1.54863898,soil,SRR4022179
NC_008724.1,SRR5208338,Human_and_other_vertebrates,soil,1.999999998,5.330362283,soil,SRR5208338
NC_006273.2,SRR5208446,Human_and_other_vertebrates,soil,1,0.830036851,soil,SRR5208446
NC_029052.1,SRR5208451,Birds,soil,4.999999998,4.804445549,soil,SRR5208451
NC_008724.1,SRR5208452,Human_and_other_vertebrates,soil,1.000000002,7.222095668,soil,SRR5208452
NC_029052.1,SRR5208454,Birds,soil,2.000000001,5.196119317,soil,SRR5208454
NC_029052.1,SRR5208455,Birds,soil,2.000000001,6.293408216,soil,SRR5208455
NC_029052.1,SRR5208541,Birds,soil,7.999999999,5.242304885,soil,SRR5208541
NC_029052.1,SRR5208544,Birds,soil,12,7.999592662,soil,SRR5208544
NC_007647.1,SRR5208545,Human_and_other_vertebrates,soil,0.999999999,3.806464422,soil,SRR5208545
NC_029052.1,SRR5208545,Birds,soil,2.000000001,3.806464422,soil,SRR5208545
NC_008724.1,SRR5215304,Human_and_other_vertebrates,soil,1.000000001,9.810056225,soil,SRR5215304
NC_028494.1,SRR5215304,Birds,soil,1.000000001,9.810056225,soil,SRR5215304
NC_008724.1,SRR5215307,Human_and_other_vertebrates,soil,0.999999999,8.588708409,soil,SRR5215307
NC_028474.1,SRR5215307,Ungulata,soil,1.999999999,8.588708409,soil,SRR5215307
NC_008724.1,SRR5215308,Human_and_other_vertebrates,soil,2.000000002,5.568323836,soil,SRR5215308
NC_008724.1,SRR5215309,Human_and_other_vertebrates,soil,1,6.444096469,soil,SRR5215309
NC_021312.1,SRR5247052,Birds,soil,1.000000003,5.297401089,soil,SRR5247052
AC_000017.1,SRR5248195,Human,soil,25,1.96561683,soil,SRR5248195
NC_036582.1,SRR5252270,Birds,soil,5.000000001,3.511565148,soil,SRR5252270
NC_036582.1,SRR5252277,Birds,soil,1.000000001,4.127072413,soil,SRR5252277
NC_036582.1,SRR5252281,Birds,soil,1,5.228561547,soil,SRR5252281
NC_036582.1,SRR5252282,Birds,soil,1.999999999,5.564064831,soil,SRR5252282
AC_000007.1,SRR5252284,Human,soil,1,3.555101841,soil,SRR5252284
NC_005309.1,SRR5252346,Birds,soil,1,5.594247675,soil,SRR5252346
NC_001669.1,SRR5252349,Non_human_primates,soil,1,4.660563275,soil,SRR5252349
NC_036582.1,SRR5252349,Birds,soil,1.999999999,4.660563275,soil,SRR5252349
NC_036582.1,SRR5252351,Birds,soil,0.999999999,6.580058224,soil,SRR5252351
NC_028494.1,SRR5252352,Birds,soil,2.000000002,4.040684892,soil,SRR5252352
NC_036582.1,SRR5252352,Birds,soil,3.000000001,4.040684892,soil,SRR5252352
NC_036582.1,SRR5252353,Birds,soil,1,3.945623828,soil,SRR5252353
NC_005831.2,SRR5252354,Human_and_other_vertebrates,soil,1.000000002,5.582236738,soil,SRR5252354
NC_036582.1,SRR5252354,Birds,soil,1.000000002,5.582236738,soil,SRR5252354
NC_036582.1,SRR5252356,Birds,soil,0.999999999,4.109292312,soil,SRR5252356
NC_000898.1,SRR5252363,Human,soil,1.000000002,5.511606777,soil,SRR5252363
NC_028474.1,SRR5252568,Ungulata,soil,40,5.798179214,soil,SRR5252568
NC_036582.1,SRR5252568,Birds,soil,4.000000001,5.798179214,soil,SRR5252568
NC_036582.1,SRR5252572,Birds,soil,0.999999998,5.393945856,soil,SRR5252572
NC_028474.1,SRR5252623,Ungulata,soil,0.999999999,6.724907678,soil,SRR5252623
NC_034976.1,SRR5252650,Ungulata,soil,1,2.195494979,soil,SRR5252650
NC_006273.2,SRR5252706,Human_and_other_vertebrates,soil,3,2.186767016,soil,SRR5252706
NC_034976.1,SRR5252712,Ungulata,soil,3.000000001,2.255918546,soil,SRR5252712
NC_017083.1,SRR5252766,Others,soil,3.000000001,1.635156373,soil,SRR5252766
NC_034976.1,SRR5252778,Ungulata,soil,1.000000001,0.51954593,soil,SRR5252778
NC_006273.2,SRR5252779,Human_and_other_vertebrates,soil,1,0.888104179,soil,SRR5252779
NC_017083.1,SRR5252871,Others,soil,1.000000001,0.494902341,soil,SRR5252871
NC_006273.2,SRR5252875,Human_and_other_vertebrates,soil,2.999999999,1.55264125,soil,SRR5252875
NC_006273.2,SRR5252877,Human_and_other_vertebrates,soil,4,1.507865282,soil,SRR5252877
NC_017083.1,SRR5252891,Others,soil,1,2.264436076,soil,SRR5252891
NC_017083.1,SRR5253552,Others,soil,0.999999999,1.687965969,soil,SRR5253552
NC_007447.1,SRR5253559,Ungulata,soil,0.999999999,1.895223522,soil,SRR5253559
NC_008724.1,SRR5253615,Human_and_other_vertebrates,soil,6,1.204805851,soil,SRR5253615
NC_017083.1,SRR5253617,Others,soil,2,2.905186664,soil,SRR5253617
NC_003045.1,SRR5253621,Ungulata,soil,1.000000001,2.897306128,soil,SRR5253621
NC_017083.1,SRR5253621,Others,soil,1.000000001,2.897306128,soil,SRR5253621
NC_040753.1,SRR5253621,Others,soil,1.000000001,2.897306128,soil,SRR5253621
NC_026011.1,SRR5253719,Others,soil,2.999999999,1.826642917,soil,SRR5253719
NC_036582.1,SRR5253720,Birds,soil,1.000000001,2.050241628,soil,SRR5253720
NC_028474.1,SRR5256983,Ungulata,soil,1.000000003,6.187409077,soil,SRR5256983
NC_036582.1,SRR5257968,Birds,soil,1.000000003,6.034867843,soil,SRR5257968
NC_036582.1,SRR5257969,Birds,soil,3.000000001,6.459135575,soil,SRR5257969
NC_028474.1,SRR5257970,Ungulata,soil,4.999999997,6.401335916,soil,SRR5257970
NC_036582.1,SRR5257971,Birds,soil,2.999999999,6.244605958,soil,SRR5257971
NC_028494.1,SRR5258557,Birds,soil,1.000000003,6.110548406,soil,SRR5258557
NC_036582.1,SRR5258557,Birds,soil,1.000000003,6.110548406,soil,SRR5258557
NC_036582.1,SRR5258559,Birds,soil,0.999999999,5.766801929,soil,SRR5258559
NC_028474.1,SRR5258560,Ungulata,soil,1.000000002,6.478217911,soil,SRR5258560
NC_036582.1,SRR5258560,Birds,soil,1.000000002,6.478217911,soil,SRR5258560
NC_000898.1,SRR5258561,Human,soil,1.000000003,6.10580148,soil,SRR5258561
AC_000007.1,SRR5258562,Human,soil,5.000000001,5.339181968,soil,SRR5258562
NC_000898.1,SRR5258562,Human,soil,0.999999999,5.339181968,soil,SRR5258562
AC_000008.1,SRR5258597,Human_and_other_vertebrates,soil,0.999999999,5.185434502,soil,SRR5258597
AC_000007.1,SRR5258598,Human,soil,3,4.861182421,soil,SRR5258598
NC_028474.1,SRR5258656,Ungulata,soil,74.00000001,6.024738008,soil,SRR5258656
NC_028494.1,SRR5258657,Birds,soil,1.000000002,6.877929247,soil,SRR5258657
NC_036582.1,SRR5258658,Birds,soil,3,4.67211389,soil,SRR5258658
NC_028474.1,SRR5258659,Ungulata,soil,1.000000001,5.966873144,soil,SRR5258659
NC_036582.1,SRR5258659,Birds,soil,1.000000001,5.966873144,soil,SRR5258659
NC_028474.1,SRR5258660,Ungulata,soil,2.999999996,8.982944378,soil,SRR5258660
NC_036582.1,SRR5258660,Birds,soil,0.999999999,8.982944378,soil,SRR5258660
NC_036582.1,SRR5260219,Birds,soil,2.000000002,6.104273206,soil,SRR5260219
NC_008724.1,SRR5260220,Human_and_other_vertebrates,soil,0.999999999,6.234345591,soil,SRR5260220
NC_028474.1,SRR5260220,Ungulata,soil,0.999999999,6.234345591,soil,SRR5260220
NC_006273.2,SRR5429566,Human_and_other_vertebrates,soil,1,1.355158557,soil,SRR5429566
NC_001669.1,SRR5429568,Non_human_primates,soil,1,1.435799365,soil,SRR5429568
NC_001806.2,SRR5429568,Human_and_other_vertebrates,soil,1,1.435799365,soil,SRR5429568
NC_006273.2,SRR5429568,Human_and_other_vertebrates,soil,3,1.435799365,soil,SRR5429568
NC_001669.1,SRR5429570,Non_human_primates,soil,1,1.370030078,soil,SRR5429570
NC_006273.2,SRR5429570,Human_and_other_vertebrates,soil,1,1.370030078,soil,SRR5429570
NC_001806.2,SRR5429572,Human_and_other_vertebrates,soil,1.000000001,1.584984331,soil,SRR5429572
NC_001669.1,SRR5429574,Non_human_primates,soil,1,1.936469937,soil,SRR5429574
NC_001806.2,SRR5429576,Human_and_other_vertebrates,soil,1,1.417386337,soil,SRR5429576
NC_006273.2,SRR5429576,Human_and_other_vertebrates,soil,1,1.417386337,soil,SRR5429576
NC_007647.1,SRR5829904,Human_and_other_vertebrates,soil,1.000000002,4.531870829,soil,SRR5829904
NC_035460.1,SRR5829905,Human_and_other_vertebrates,soil,1.000000001,4.010958537,soil,SRR5829905
AC_000017.1,SRR5829935,Human,soil,1.000000004,8.754365073,soil,SRR5829935
NC_001669.1,SRR5829935,Non_human_primates,soil,1.000000004,8.754365073,soil,SRR5829935
NC_008724.1,SRR5829935,Human_and_other_vertebrates,soil,2,8.754365073,soil,SRR5829935
AC_000017.1,SRR5829936,Human,soil,2,4.34057914,soil,SRR5829936
AC_000007.1,SRR5829939,Human,soil,1.999999999,1.891812824,soil,SRR5829939
NC_035460.1,SRR5829939,Human_and_other_vertebrates,soil,1,1.891812824,soil,SRR5829939
NC_028474.1,SRR5829964,Ungulata,soil,9.000000001,2.982283573,soil,SRR5829964
AC_000017.1,SRR5829970,Human,soil,3.000000001,5.92409666,soil,SRR5829970
NC_001669.1,SRR6048446,Non_human_primates,soil,1.000000001,1.715968882,soil,SRR6048446
NC_007647.1,SRR6122723,Human_and_other_vertebrates,soil,34,0.047004395,soil,SRR6122723
NC_007647.1,SRR6122725,Human_and_other_vertebrates,soil,1,0.042309902,soil,SRR6122725
NC_007647.1,SRR6122726,Human_and_other_vertebrates,soil,25,0.035314913,soil,SRR6122726
NC_007647.1,SRR6122727,Human_and_other_vertebrates,soil,4,0.044116313,soil,SRR6122727
NC_007647.1,SRR6122728,Human_and_other_vertebrates,soil,3,0.052185091,soil,SRR6122728
NC_007647.1,SRR6122729,Human_and_other_vertebrates,soil,3,0.019314227,soil,SRR6122729
NC_007647.1,SRR6122730,Human_and_other_vertebrates,soil,1,0.018745784,soil,SRR6122730
NC_007647.1,SRR6122732,Human_and_other_vertebrates,soil,1,0.018939386,soil,SRR6122732
NC_007647.1,SRR6122733,Human_and_other_vertebrates,soil,1,0.032497777,soil,SRR6122733
NC_007647.1,SRR6122735,Human_and_other_vertebrates,soil,1,0.020320159,soil,SRR6122735
NC_007647.1,SRR6122736,Human_and_other_vertebrates,soil,1,0.008568889,soil,SRR6122736
NC_007647.1,SRR6122738,Human_and_other_vertebrates,soil,1,0.030020808,soil,SRR6122738
NC_007647.1,SRR6122739,Human_and_other_vertebrates,soil,2,0.031221103,soil,SRR6122739
NC_007647.1,SRR6122740,Human_and_other_vertebrates,soil,6,0.04427891,soil,SRR6122740
NC_007647.1,SRR6122741,Human_and_other_vertebrates,soil,4,0.024204174,soil,SRR6122741
NC_007647.1,SRR6122742,Human_and_other_vertebrates,soil,6,0.015944958,soil,SRR6122742
NC_007647.1,SRR6122748,Human_and_other_vertebrates,soil,3,0.029921244,soil,SRR6122748
NC_007647.1,SRR6122750,Human_and_other_vertebrates,soil,1,0.023618375,soil,SRR6122750
NC_021312.1,SRR6201734,Birds,soil,1,14.35601208,soil,SRR6201734
NC_030447.1,SRR6201735,Human,soil,1.000000003,12.0950897,soil,SRR6201735
NC_038507.1,SRR6201737,Others,soil,0.999999999,9.101787956,soil,SRR6201737
NC_021312.1,SRR6201738,Birds,soil,0.999999999,13.5955849,soil,SRR6201738
NC_008724.1,SRR6201740,Human_and_other_vertebrates,soil,1.000000001,12.2322422,soil,SRR6201740
NC_008724.1,SRR6204322,Human_and_other_vertebrates,soil,0.999999998,5.232913133,soil,SRR6204322
NC_029132.1,SRR6204324,Others,soil,1,4.739693654,soil,SRR6204324
NC_030460.1,SRR6204779,Birds,soil,0.999999998,4.682361444,soil,SRR6204779
NC_008724.1,SRR6204799,Human_and_other_vertebrates,soil,1,2.86603395,soil,SRR6204799
NC_008724.1,SRR6205455,Human_and_other_vertebrates,soil,0.999999999,4.693501001,soil,SRR6205455
NC_006273.2,SRR6205696,Human_and_other_vertebrates,soil,2.000000002,5.225897868,soil,SRR6205696
NC_028474.1,SRR6223544,Ungulata,soil,1.000000002,5.268709601,soil,SRR6223544
NC_036582.1,SRR6223544,Birds,soil,1.000000002,5.268709601,soil,SRR6223544
NC_000898.1,SRR6227641,Human,soil,0.999999999,5.687429569,soil,SRR6227641
NC_036582.1,SRR6227641,Birds,soil,0.999999999,5.687429569,soil,SRR6227641
NC_010277.2,SRR6324886,Human,soil,1,0.607604214,soil,SRR6324886
NC_010277.2,SRR6324891,Human,soil,1,1.359021007,soil,SRR6324891
NC_001731.1,SRR6324902,Human,soil,1.000000002,0.210545749,soil,SRR6324902
NC_038701.1,SRR6324903,Others,soil,3,0.839834208,soil,SRR6324903
NC_038701.1,SRR6324917,Others,soil,2,0.035118639,soil,SRR6324917
NC_036582.1,SRR6324926,Birds,soil,0.999999998,5.042865179,soil,SRR6324926
NC_026144.1,SRR6324939,Others,soil,3,0.216144971,soil,SRR6324939
NC_026144.1,SRR6324943,Others,soil,1.000000003,0.14270051,soil,SRR6324943
NC_010277.2,SRR6324945,Human,soil,25,0.438954744,soil,SRR6324945
NC_038701.1,SRR6324951,Others,soil,17,0.398103984,soil,SRR6324951
NC_006273.2,SRR6324958,Human_and_other_vertebrates,soil,2,0.453895155,soil,SRR6324958
NC_038701.1,SRR6324963,Others,soil,4.000000004,0.322023517,soil,SRR6324963
NC_038701.1,SRR6324968,Others,soil,2.000000001,0.665833222,soil,SRR6324968
NC_008724.1,SRR6337267,Human_and_other_vertebrates,soil,0.999999995,10.31234436,soil,SRR6337267
NC_036582.1,SRR6337267,Birds,soil,0.999999995,10.31234436,soil,SRR6337267
NC_026732.1,SRR6337268,Ungulata,soil,2,12.36751718,soil,SRR6337268
NC_028474.1,SRR6337271,Ungulata,soil,1.000000001,10.64940181,soil,SRR6337271
NC_036582.1,SRR6337272,Birds,soil,1.000000001,5.11383005,soil,SRR6337272
NC_032730.1,SRR6337273,Others,soil,2,4.304994795,soil,SRR6337273
NC_036582.1,SRR6337273,Birds,soil,2.999999999,4.304994795,soil,SRR6337273
NC_008724.1,SRR6337274,Human_and_other_vertebrates,soil,4.999999996,9.896008245,soil,SRR6337274
NC_008724.1,SRR6337276,Human_and_other_vertebrates,soil,2.000000001,4.631506529,soil,SRR6337276
NC_006559.1,SRR6765927,Ungulata,soil,1.000000001,1.24384982,soil,SRR6765927
NC_001457.1,SRR6960367,Human,soil,8,0.285724952,soil,SRR6960367
NC_024691.1,SRR7004413,Human,soil,1.000000004,10.79904153,soil,SRR7004413
NC_028921.1,SRR7004602,Ungulata,soil,1,0.434963802,soil,SRR7004602
NC_030447.1,SRR7006911,Human,soil,1.000000001,6.876789026,soil,SRR7006911
NC_039034.1,SRR7007034,Others,soil,1.000000004,12.742142,soil,SRR7007034
NC_007647.1,SRR7142645,Human_and_other_vertebrates,soil,19,4.137344538,soil,SRR7142645
NC_032475.1,SRR7142645,Human_and_other_vertebrates,soil,5.999999999,4.137344538,soil,SRR7142645
NC_024690.1,SRR7152998,Ungulata,soil,2,2.930548547,soil,SRR7152998
NC_030138.1,SRR7152998,Birds,soil,10,2.930548547,soil,SRR7152998
NC_030139.1,SRR7152998,Birds,soil,1.000000001,2.930548547,soil,SRR7152998
NC_024690.1,SRR7153001,Ungulata,soil,2,1.255160528,soil,SRR7153001
NC_030138.1,SRR7153001,Birds,soil,3,1.255160528,soil,SRR7153001
NC_036582.1,SRR7153004,Birds,soil,0.999999999,3.538517911,soil,SRR7153004
NC_028363.1,SRR7153006,Others,soil,3,1.413770738,soil,SRR7153006
NC_030139.1,SRR7153006,Birds,soil,6,1.413770738,soil,SRR7153006
NC_040344.1,SRR7153006,Birds,soil,4.999999999,1.413770738,soil,SRR7153006
NC_023987.1,SRR7153007,Birds,soil,1.000000001,3.405433714,soil,SRR7153007
NC_030139.1,SRR7153007,Birds,soil,10,3.405433714,soil,SRR7153007
NC_040344.1,SRR7153007,Birds,soil,17,3.405433714,soil,SRR7153007
NC_025736.1,SRR7153008,Others,soil,1,1.968094306,soil,SRR7153008
NC_030142.1,SRR7153008,Ungulata,soil,3,1.968094306,soil,SRR7153008
NC_030144.1,SRR7153008,Ungulata,soil,1,1.968094306,soil,SRR7153008
NC_030146.1,SRR7153008,Ungulata,soil,3,1.968094306,soil,SRR7153008
NC_005309.1,SRR7153009,Birds,soil,1.999999999,4.552719845,soil,SRR7153009
NC_026164.1,SRR7153009,Human_and_other_vertebrates,soil,1.000000002,4.552719845,soil,SRR7153009
NC_026168.1,SRR7153009,Human_and_other_vertebrates,soil,1.000000002,4.552719845,soil,SRR7153009
NC_030139.1,SRR7153009,Birds,soil,3,4.552719845,soil,SRR7153009
NC_030142.1,SRR7153009,Ungulata,soil,9.999999998,4.552719845,soil,SRR7153009
NC_030146.1,SRR7153009,Ungulata,soil,1.999999999,4.552719845,soil,SRR7153009
NC_026164.1,SRR7153010,Human_and_other_vertebrates,soil,1.000000001,2.489737708,soil,SRR7153010
NC_025734.1,SRR7153011,Birds,soil,3,1.080243171,soil,SRR7153011
NC_030135.1,SRR7153011,Ungulata,soil,1,1.080243171,soil,SRR7153011
NC_030138.1,SRR7153011,Birds,soil,6.000000001,1.080243171,soil,SRR7153011
NC_030141.1,SRR7153011,Birds,soil,1,1.080243171,soil,SRR7153011
NC_030144.1,SRR7153011,Ungulata,soil,3,1.080243171,soil,SRR7153011
NC_035460.1,SRR7153011,Human_and_other_vertebrates,soil,5,1.080243171,soil,SRR7153011
NC_025736.1,SRR7153012,Others,soil,5.999999999,3.37231869,soil,SRR7153012
NC_030139.1,SRR7153012,Birds,soil,1.999999999,3.37231869,soil,SRR7153012
NC_030146.1,SRR7153012,Ungulata,soil,4.999999998,3.37231869,soil,SRR7153012
NC_036582.1,SRR7153012,Birds,soil,5.999999999,3.37231869,soil,SRR7153012
NC_040344.1,SRR7153012,Birds,soil,4.999999998,3.37231869,soil,SRR7153012
NC_025734.1,SRR7153015,Birds,soil,9.000000001,3.173800516,soil,SRR7153015
NC_026165.1,SRR7153015,Human_and_other_vertebrates,soil,1,3.173800516,soil,SRR7153015
NC_030135.1,SRR7153015,Ungulata,soil,2,3.173800516,soil,SRR7153015
NC_030138.1,SRR7153015,Birds,soil,5.000000001,3.173800516,soil,SRR7153015
NC_030139.1,SRR7153015,Birds,soil,3,3.173800516,soil,SRR7153015
NC_030141.1,SRR7153015,Birds,soil,1,3.173800516,soil,SRR7153015
NC_030144.1,SRR7153015,Ungulata,soil,6.000000001,3.173800516,soil,SRR7153015
NC_035460.1,SRR7153015,Human_and_other_vertebrates,soil,1,3.173800516,soil,SRR7153015
AC_000017.1,SRR7153018,Human,soil,20,3.204829635,soil,SRR7153018
NC_030139.1,SRR7153018,Birds,soil,55,3.204829635,soil,SRR7153018
NC_030141.1,SRR7153019,Birds,soil,14,3.061242193,soil,SRR7153019
NC_030144.1,SRR7153019,Ungulata,soil,1.000000001,3.061242193,soil,SRR7153019
NC_025735.1,SRR7153020,Birds,soil,1.000000002,4.06419661,soil,SRR7153020
NC_030135.1,SRR7153020,Ungulata,soil,3.000000001,4.06419661,soil,SRR7153020
NC_030138.1,SRR7153020,Birds,soil,14,4.06419661,soil,SRR7153020
NC_030139.1,SRR7153020,Birds,soil,10,4.06419661,soil,SRR7153020
NC_030142.1,SRR7153020,Ungulata,soil,1.000000002,4.06419661,soil,SRR7153020
NC_030144.1,SRR7153020,Ungulata,soil,1.999999999,4.06419661,soil,SRR7153020
NC_030146.1,SRR7153020,Ungulata,soil,5.000000001,4.06419661,soil,SRR7153020
NC_030150.1,SRR7153020,Ungulata,soil,5.999999998,4.06419661,soil,SRR7153020
NC_040344.1,SRR7153020,Birds,soil,11,4.06419661,soil,SRR7153020
NC_025735.1,SRR7153021,Birds,soil,1.000000001,1.554975105,soil,SRR7153021
NC_030138.1,SRR7153021,Birds,soil,4,1.554975105,soil,SRR7153021
NC_030139.1,SRR7153021,Birds,soil,1.000000001,1.554975105,soil,SRR7153021
NC_030144.1,SRR7153021,Ungulata,soil,4,1.554975105,soil,SRR7153021
NC_030146.1,SRR7153021,Ungulata,soil,3,1.554975105,soil,SRR7153021
NC_030150.1,SRR7153021,Ungulata,soil,1.000000001,1.554975105,soil,SRR7153021
NC_035211.1,SRR7153021,Human,soil,1.000000001,1.554975105,soil,SRR7153021
NC_040344.1,SRR7153021,Birds,soil,6,1.554975105,soil,SRR7153021
NC_025738.1,SRR7153022,Ungulata,soil,3,3.935842535,soil,SRR7153022
NC_030138.1,SRR7153022,Birds,soil,3,3.935842535,soil,SRR7153022
NC_030141.1,SRR7153022,Birds,soil,0.999999999,3.935842535,soil,SRR7153022
NC_030142.1,SRR7153022,Ungulata,soil,3.999999999,3.935842535,soil,SRR7153022
NC_030144.1,SRR7153022,Ungulata,soil,3.999999999,3.935842535,soil,SRR7153022
NC_038494.1,SRR7153022,Human_and_other_vertebrates,soil,2.000000002,3.935842535,soil,SRR7153022
NC_040344.1,SRR7153022,Birds,soil,3,3.935842535,soil,SRR7153022
NC_025738.1,SRR7153023,Ungulata,soil,2,1.571515143,soil,SRR7153023
NC_029052.1,SRR7153023,Birds,soil,0.999999999,1.571515143,soil,SRR7153023
NC_030142.1,SRR7153023,Ungulata,soil,3,1.571515143,soil,SRR7153023
NC_030144.1,SRR7153023,Ungulata,soil,0.999999999,1.571515143,soil,SRR7153023
NC_030147.1,SRR7153023,Others,soil,0.999999999,1.571515143,soil,SRR7153023
NC_030138.1,SRR7153025,Birds,soil,1,0.662279693,soil,SRR7153025
NC_035460.1,SRR7153025,Human_and_other_vertebrates,soil,1,0.662279693,soil,SRR7153025
NC_036582.1,SRR7153025,Birds,soil,3,0.662279693,soil,SRR7153025
NC_025738.1,SRR7153028,Ungulata,soil,29,4.384373988,soil,SRR7153028
NC_026808.1,SRR7153028,Others,soil,14,4.384373988,soil,SRR7153028
NC_030139.1,SRR7153028,Birds,soil,6.000000001,4.384373988,soil,SRR7153028
NC_040344.1,SRR7153028,Birds,soil,14,4.384373988,soil,SRR7153028
NC_025738.1,SRR7153029,Ungulata,soil,1,0.082900652,soil,SRR7153029
NC_021312.1,SRR7153033,Birds,soil,43,6.92017442,soil,SRR7153033
NC_025738.1,SRR7153033,Ungulata,soil,0.999999998,6.92017442,soil,SRR7153033
NC_021312.1,SRR7153034,Birds,soil,9.000000003,7.883915811,soil,SRR7153034
NC_030142.1,SRR7153034,Ungulata,soil,20,7.883915811,soil,SRR7153034
NC_021312.1,SRR7153035,Birds,soil,1,0.160708027,soil,SRR7153035
NC_008724.1,SRR7153036,Human_and_other_vertebrates,soil,2.000000004,8.076516121,soil,SRR7153036
NC_018102.1,SRR7153036,Human_and_other_vertebrates,soil,3.000000001,8.076516121,soil,SRR7153036
NC_021312.1,SRR7153036,Birds,soil,3.000000001,8.076516121,soil,SRR7153036
NC_030142.1,SRR7153036,Ungulata,soil,207,8.076516121,soil,SRR7153036
NC_025738.1,SRR7153039,Ungulata,soil,1,0.044847741,soil,SRR7153039
NC_025735.1,SRR7153040,Birds,soil,0.999999998,3.72008375,soil,SRR7153040
NC_025736.1,SRR7153040,Others,soil,0.999999998,3.72008375,soil,SRR7153040
NC_025737.1,SRR7153040,Birds,soil,0.999999998,3.72008375,soil,SRR7153040
NC_025738.1,SRR7153040,Ungulata,soil,8.000000002,3.72008375,soil,SRR7153040
NC_026164.1,SRR7153040,Human_and_other_vertebrates,soil,4.999999999,3.72008375,soil,SRR7153040
NC_028363.1,SRR7153040,Others,soil,0.999999998,3.72008375,soil,SRR7153040
NC_030139.1,SRR7153040,Birds,soil,2.999999999,3.72008375,soil,SRR7153040
NC_030140.1,SRR7153040,Birds,soil,2.999999999,3.72008375,soil,SRR7153040
NC_030141.1,SRR7153040,Birds,soil,2,3.72008375,soil,SRR7153040
NC_030143.1,SRR7153040,Ungulata,soil,0.999999998,3.72008375,soil,SRR7153040
NC_030144.1,SRR7153040,Ungulata,soil,6.000000001,3.72008375,soil,SRR7153040
NC_030146.1,SRR7153040,Ungulata,soil,2,3.72008375,soil,SRR7153040
NC_038495.1,SRR7153040,Others,soil,0.999999998,3.72008375,soil,SRR7153040
NC_040344.1,SRR7153040,Birds,soil,0.999999998,3.72008375,soil,SRR7153040
NC_025735.1,SRR7153041,Birds,soil,0.999999999,1.590966906,soil,SRR7153041
NC_025738.1,SRR7153041,Ungulata,soil,3,1.590966906,soil,SRR7153041
NC_026164.1,SRR7153041,Human_and_other_vertebrates,soil,3,1.590966906,soil,SRR7153041
NC_028363.1,SRR7153041,Others,soil,0.999999999,1.590966906,soil,SRR7153041
NC_030139.1,SRR7153041,Birds,soil,2,1.590966906,soil,SRR7153041
NC_030141.1,SRR7153041,Birds,soil,2,1.590966906,soil,SRR7153041
NC_030144.1,SRR7153041,Ungulata,soil,8,1.590966906,soil,SRR7153041
NC_030146.1,SRR7153041,Ungulata,soil,0.999999999,1.590966906,soil,SRR7153041
NC_040344.1,SRR7153041,Birds,soil,0.999999999,1.590966906,soil,SRR7153041
NC_038496.1,SRR7153042,Human,soil,5,1.678546757,soil,SRR7153042
NC_025738.1,SRR7153043,Ungulata,soil,9.999999999,5.275553284,soil,SRR7153043
NC_026162.1,SRR7153043,Human_and_other_vertebrates,soil,1.000000001,5.275553284,soil,SRR7153043
NC_026164.1,SRR7153043,Human_and_other_vertebrates,soil,2.999999998,5.275553284,soil,SRR7153043
NC_030138.1,SRR7153043,Birds,soil,6,5.275553284,soil,SRR7153043
NC_030139.1,SRR7153043,Birds,soil,7.000000001,5.275553284,soil,SRR7153043
NC_030141.1,SRR7153043,Birds,soil,2.000000002,5.275553284,soil,SRR7153043
NC_030142.1,SRR7153043,Ungulata,soil,11,5.275553284,soil,SRR7153043
NC_030144.1,SRR7153043,Ungulata,soil,9.999999999,5.275553284,soil,SRR7153043
NC_030146.1,SRR7153043,Ungulata,soil,4.999999999,5.275553284,soil,SRR7153043
NC_030147.1,SRR7153043,Others,soil,4.999999999,5.275553284,soil,SRR7153043
NC_035460.1,SRR7533591,Human_and_other_vertebrates,soil,1.000000001,2.764397741,soil,SRR7533591
NC_008724.1,SRR7535303,Human_and_other_vertebrates,soil,1.000000004,9.684277671,soil,SRR7535303
NC_035460.1,SRR7535304,Human_and_other_vertebrates,soil,1.000000001,7.443885099,soil,SRR7535304
NC_036582.1,SRR7535304,Birds,soil,2.000000002,7.443885099,soil,SRR7535304
NC_036582.1,SRR7536466,Birds,soil,1.000000001,5.727277672,soil,SRR7536466
NC_036582.1,SRR7538188,Birds,soil,1.000000001,9.446390606,soil,SRR7538188
NC_036582.1,SRR7538189,Birds,soil,0.999999999,6.613009755,soil,SRR7538189
NC_035460.1,SRR7540947,Human_and_other_vertebrates,soil,0.999999996,10.4273028,soil,SRR7540947
NC_035460.1,SRR7540954,Human_and_other_vertebrates,soil,0.999999998,8.79945334,soil,SRR7540954
NC_035460.1,SRR7541278,Human_and_other_vertebrates,soil,0.999999998,5.419209704,soil,SRR7541278
NC_036582.1,SRR7541460,Birds,soil,1.000000001,7.097845354,soil,SRR7541460
NC_007647.1,SRR7962538,Human_and_other_vertebrates,soil,10,3.189239016,soil,SRR7962538
NC_001457.1,SRR7962731,Human,soil,2,7.445753755,soil,SRR7962731
NC_001457.1,SRR7962737,Human,soil,1.000000001,6.325984928,soil,SRR7962737
NC_001457.1,SRR7962741,Human,soil,3,7.302024713,soil,SRR7962741
NC_001457.1,SRR7962746,Human,soil,1.000000002,6.105215963,soil,SRR7962746
NC_004560.1,SRR7962749,Ungulata,soil,0.999999999,1.113849573,soil,SRR7962749
NC_001457.1,SRR7962751,Human,soil,2.000000001,8.129633117,soil,SRR7962751
NC_004500.1,SRR7976360,Human,soil,1,1.825780098,soil,SRR7976360
NC_007647.1,SRR7976360,Human_and_other_vertebrates,soil,2.000000001,1.825780098,soil,SRR7976360
NC_032475.1,SRR7976360,Human_and_other_vertebrates,soil,2.000000001,1.825780098,soil,SRR7976360
AC_000008.1,SRR8429092,Human_and_other_vertebrates,soil,5,1.711769938,soil,SRR8429092
AC_000017.1,SRR8429092,Human,soil,7,1.711769938,soil,SRR8429092
NC_001457.1,SRR8437389,Human,soil,1.999999998,8.382941619,soil,SRR8437389
NC_001457.1,SRR8437430,Human,soil,0.999999999,7.884652199,soil,SRR8437430
NC_001457.1,SRR8437431,Human,soil,1.000000002,8.53244892,soil,SRR8437431
NC_001457.1,SRR8437432,Human,soil,0.999999999,7.326623665,soil,SRR8437432
NC_001457.1,SRR8437433,Human,soil,3.000000002,7.679684502,soil,SRR8437433
NC_001457.1,SRR8437442,Human,soil,1.000000004,8.69348005,soil,SRR8437442
NC_001457.1,SRR8443477,Human,soil,1.000000003,8.156446476,soil,SRR8443477
NC_001457.1,SRR8443479,Human,soil,0.999999997,15.83961083,soil,SRR8443479
NC_001457.1,SRR8444445,Human,soil,1.000000002,6.715163729,soil,SRR8444445
NC_001457.1,SRR8444449,Human,soil,0.999999997,12.61600269,soil,SRR8444449
NC_001457.1,SRR8445152,Human,soil,0.999999996,9.637909858,soil,SRR8445152
NC_001457.1,SRR8445154,Human,soil,0.999999999,5.814667434,soil,SRR8445154
NC_001457.1,SRR8446418,Human,soil,1,6.726300159,soil,SRR8446418
NC_001457.1,SRR8446489,Human,soil,1.999999996,10.84899338,soil,SRR8446489
NC_004560.1,SRR8446489,Ungulata,soil,0.999999998,10.84899338,soil,SRR8446489
NC_001457.1,SRR8446755,Human,soil,0.999999999,7.522169804,soil,SRR8446755
NC_006494.1,SRR8446755,Human_and_other_vertebrates,soil,6.000000004,7.522169804,soil,SRR8446755
NC_001457.1,SRR8446777,Human,soil,3.999999999,12.66556229,soil,SRR8446777
NC_014953.1,SRR8446963,Human,soil,1,0.106270627,soil,SRR8446963
NC_001531.1,SRR8446965,Human,soil,3,0.151668826,soil,SRR8446965
AC_000017.1,SRR8446977,Human,soil,1,0.42407681,soil,SRR8446977
AC_000007.1,SRR8446978,Human,soil,1.000000001,0.468989964,soil,SRR8446978
NC_001669.1,SRR8446981,Non_human_primates,soil,3,0.085146146,soil,SRR8446981
AC_000017.1,SRR8446983,Human,soil,1,0.237926634,soil,SRR8446983
AC_000017.1,SRR8446985,Human,soil,1,0.252823724,soil,SRR8446985
AC_000017.1,SRR8446986,Human,soil,1.000000002,0.230399127,soil,SRR8446986
AC_000007.1,SRR8446997,Human,soil,2,0.24709745,soil,SRR8446997
AC_000007.1,SRR8446998,Human,soil,1,0.217039801,soil,SRR8446998
AC_000007.1,SRR8447004,Human,soil,1.000000004,0.11319441,soil,SRR8447004
AC_000007.1,SRR8447006,Human,soil,2.000000002,0.426894309,soil,SRR8447006
NC_028474.1,SRR8447027,Ungulata,soil,1,0.060791746,soil,SRR8447027
NC_001457.1,SRR8447053,Human,soil,1.000000003,7.886455695,soil,SRR8447053
NC_001457.1,SRR8447148,Human,soil,1.000000001,1.837780117,soil,SRR8447148
NC_001457.1,SRR8447410,Human,soil,1,5.331073837,soil,SRR8447410
NC_001457.1,SRR8447515,Human,soil,5,13.39182133,soil,SRR8447515
NC_028474.1,SRR8447915,Ungulata,soil,1.000000002,12.14073592,soil,SRR8447915
NC_001457.1,SRR8449215,Human,soil,1.999999995,14.16943622,soil,SRR8449215
NC_001457.1,SRR8449609,Human,soil,1.999999999,9.212225514,soil,SRR8449609
NC_001457.1,SRR8449811,Human,soil,2,11.41498717,soil,SRR8449811
NC_029052.1,SRR8554513,Birds,soil,2,1.476807601,soil,SRR8554513
NC_001457.1,SRR8554514,Human,soil,1,1.366934194,soil,SRR8554514
NC_001457.1,SRR8554642,Human,soil,2.000000001,2.623664816,soil,SRR8554642
NC_029052.1,SRR8554642,Birds,soil,2.000000001,2.623664816,soil,SRR8554642
NC_001457.1,SRR8554648,Human,soil,2.000000002,0.449949198,soil,SRR8554648
NC_030447.1,SRR8554648,Human,soil,1.000000001,0.449949198,soil,SRR8554648
NC_001457.1,SRR8554649,Human,soil,1,0.304750651,soil,SRR8554649
NC_001457.1,SRR8554650,Human,soil,2.000000001,0.921665379,soil,SRR8554650
AC_000007.1,SRR8554651,Human,soil,1.000000001,0.771436764,soil,SRR8554651
NC_001457.1,SRR8554651,Human,soil,6.000000004,0.771436764,soil,SRR8554651
NC_007647.1,SRR8554651,Human_and_other_vertebrates,soil,1.000000001,0.771436764,soil,SRR8554651
AC_000007.1,SRR8554652,Human,soil,0.999999999,1.388637518,soil,SRR8554652
NC_001457.1,SRR8554652,Human,soil,0.999999999,1.388637518,soil,SRR8554652
NC_036582.1,SRR9008751,Birds,soil,2.999999998,3.905905225,soil,SRR9008751
NC_008724.1,SRR9034354,Human_and_other_vertebrates,soil,1.000000002,7.105731539,soil,SRR9034354
AC_000007.1,SRR949316,Human,soil,55,15.24235231,soil,SRR949316
AC_000008.1,SRR949316,Human_and_other_vertebrates,soil,20,15.24235231,soil,SRR949316
AC_000017.1,SRR949316,Human,soil,66,15.24235231,soil,SRR949316
NC_001479.1,SRR949316,Human_and_other_vertebrates,soil,2.000000002,15.24235231,soil,SRR949316
NC_001531.1,SRR949316,Human,soil,6,15.24235231,soil,SRR949316
NC_038701.1,SRR949316,Others,soil,2.000000002,15.24235231,soil,SRR949316
NC_029052.1,SRR9648436,Birds,soil,1,11.39725963,soil,SRR9648436
NC_028474.1,SRR9694520,Ungulata,soil,1,0.017069363,soil,SRR9694520
NC_028474.1,SRR9694522,Ungulata,soil,1,0.031588025,soil,SRR9694522
NC_001806.2,SRR9719618,Human_and_other_vertebrates,soil,1.000000001,0.458254155,soil,SRR9719618
NC_001806.2,SRR9719619,Human_and_other_vertebrates,soil,8,0.291884978,soil,SRR9719619
NC_001806.2,SRR9719620,Human_and_other_vertebrates,soil,3,0.359921319,soil,SRR9719620